cycle,dataset_id,indicator,official_epa_dataset,convenience_prefix,data_file,metadata_file,unique_fields,metadata_records,epa_data_url,epa_metadata_url
1314,KEY_VARIABLES,All / Key Variables,NRSA 1314 Key Variables and Classification Categories,keyvars,nrsa1314_allcond_05312019_0.csv,nrsa1314_allcond_meta_05312019.txt,65,81,https://www.epa.gov/sites/default/files/2019-05/nrsa1314_allcond_05312019_0.csv,https://www.epa.gov/sites/default/files/2019-05/nrsa1314_allcond_meta_05312019.txt
1314,ALGAL_TOXIN,Algal Toxin,NRSA 1314 Microcystin,algaltox,nrsa1314_micx_04232019.csv,nrsa1314_micx_meta_04292019.txt,10,13,https://www.epa.gov/sites/default/files/2019-04/nrsa1314_micx_04232019.csv,https://www.epa.gov/sites/default/files/2019-04/nrsa1314_micx_meta_04292019.txt
1314,BENTHIC_MMI,Benthic Macroinvertebrates,NRSA 1314 Benthic Macroinvertebrate MMI,benthic_mmi,nrsa1314_bentmmi_04232019.csv,nrsa1314_bentmmi_meta_04292019.txt,21,43,https://www.epa.gov/sites/default/files/2019-04/nrsa1314_bentmmi_04232019.csv,https://www.epa.gov/sites/default/files/2019-04/nrsa1314_bentmmi_meta_04292019.txt
1314,BENTHIC_TAXA,Benthic Macroinvertebrates,NRSA 1314 Benthic Taxa List,benthic_taxa,nrsa1314_benttaxa_02012019.csv,nrsa1314_benttaxa_meta_04292019.txt,20,25,https://www.epa.gov/sites/default/files/2019-04/nrsa1314_benttaxa_02012019.csv,https://www.epa.gov/sites/default/files/2019-04/nrsa1314_benttaxa_meta_04292019.txt
1314,BENTHIC_COUNT,Benthic Macroinvertebrates,NRSA 1314 Benthic Macroinvertebrate Count,benthic_count,nrsa1314_bentcnts_04232019.csv,nrsa1314_bentcnts_meta_04292019.txt,12,14,https://www.epa.gov/sites/default/files/2019-04/nrsa1314_bentcnts_04232019.csv,https://www.epa.gov/sites/default/files/2019-04/nrsa1314_bentcnts_meta_04292019.txt
1314,BENTHIC_METRICS,Benthic Macroinvertebrates,NRSA 1314 Benthic Macroinvertebrate Metrics,benthic_metrics,nrsa1314_bentmet_02132019.csv,nrsa1314_bentmet_meta_04292019.txt,172,352,https://www.epa.gov/sites/default/files/2019-04/nrsa1314_bentmet_02132019.csv,https://www.epa.gov/sites/default/files/2019-04/nrsa1314_bentmet_meta_04292019.txt
1314,PERIPHYTON_CHLA,Chlorophyll-a,NRSA 1314 Periphyton Chlorophyll,periphyton_chla,nrsa1314_widepchl_04232019.csv,nrsa1314_widepchl_meta_04292019.txt,21,40,https://www.epa.gov/sites/default/files/2019-04/nrsa1314_widepchl_04232019.csv,https://www.epa.gov/sites/default/files/2019-04/nrsa1314_widepchl_meta_04292019.txt
1314,WATER_COLUMN_CHLA,Chlorophyll-a,NRSA 1314 Water Column Chlorophyll,watercolumn_chla,nrsa1314_widewchl_04232019.csv,nrsa1314_widewchl_meta_04292019.txt,19,38,https://www.epa.gov/sites/default/files/2019-04/nrsa1314_widewchl_04232019.csv,https://www.epa.gov/sites/default/files/2019-04/nrsa1314_widewchl_meta_04292019.txt
1314,ENTEROCOCCI,Enterococci,NRSA 1314 Enterococci Indicator,enterococci,nrsa1314_ente_04232019.csv,nrsa1314_ente_meta_04292019.txt,7,9,https://www.epa.gov/sites/default/files/2019-04/nrsa1314_ente_04232019.csv,https://www.epa.gov/sites/default/files/2019-04/nrsa1314_ente_meta_04292019.txt
1314,FIELD_CHEMISTRY,Field Chemistry Measures,NRSA 1314 Field Chemistry Measures,fieldchem,nrsa1314_wide_field_meas_04232019.csv,nrsa1314_wide_field_meas_meta_04292019.txt,15,15,https://www.epa.gov/sites/default/files/2019-04/nrsa1314_wide_field_meas_04232019.csv,https://www.epa.gov/sites/default/files/2019-04/nrsa1314_wide_field_meas_meta_04292019.txt
1314,FISH_MMI,Fish,NRSA 1314 Fish MMI,fish_mmi,nrsa1314_fishmmi_04232019.csv,nrsa1314_fish_meta_04292019.txt,97,107,https://www.epa.gov/sites/default/files/2019-04/nrsa1314_fishmmi_04232019.csv,https://www.epa.gov/sites/default/files/2019-04/nrsa1314_fish_meta_04292019.txt
1314,FISH_COUNT,Fish,NRSA 1314 Fish Counts,fish_count,nrsa1314_fishcts_04232019.csv,nrsa1314_fishcts_meta_04292019_0.txt,17,26,https://www.epa.gov/sites/default/files/2019-04/nrsa1314_fishcts_04232019.csv,https://www.epa.gov/sites/default/files/2019-04/nrsa1314_fishcts_meta_04292019_0.txt
1314,FISH_METRICS,Fish,NRSA 1314 Fish Metric Values,fish_metrics,nrsa1314_fishmet_04232019.csv,nrsa1314_fishmet_meta_04292019.txt,195,207,https://www.epa.gov/sites/default/files/2019-04/nrsa1314_fishmet_04232019.csv,https://www.epa.gov/sites/default/files/2019-04/nrsa1314_fishmet_meta_04292019.txt
1314,FISH_TAXA,Fish,NRSA 1314 Fish Taxa List,fish_taxa,nrsa1314_fishtaxa_02042019.csv,nrsa1314_fishtaxa_meta_04292019.txt,15,15,https://www.epa.gov/sites/default/files/2019-04/nrsa1314_fishtaxa_02042019.csv,https://www.epa.gov/sites/default/files/2019-04/nrsa1314_fishtaxa_meta_04292019.txt
1314,FISH_MERCURY,Fish,NRSA 1314 Mercury in Fish Tissue Plugs,fish_hg,nrsa1314_fishplug_hg_04292019.csv,nrsa1314_fishplugs_hg_meta_04292019.txt,12,18,https://www.epa.gov/sites/default/files/2019-04/nrsa1314_fishplug_hg_04292019.csv,https://www.epa.gov/sites/default/files/2019-04/nrsa1314_fishplugs_hg_meta_04292019.txt
1314,LANDSCAPE,Landscape Data,NRSA 1314 Landscape Metrics,landscape,nrsa1314_landmet_02132019.csv,nrsa1314_landmet_meta_04292019.txt,102,114,https://www.epa.gov/sites/default/files/2019-04/nrsa1314_landmet_02132019.csv,https://www.epa.gov/sites/default/files/2019-04/nrsa1314_landmet_meta_04292019.txt
1314,PERIPHYTON_BIOMASS,Periphyton Biomass,NRSA 1314 Periphyton Biomass,periphyton_biomass,nrsa1314_widepbio_04232019.csv,nrsa1314_widepbio_meta_04292019.txt,18,18,https://www.epa.gov/sites/default/files/2019-04/nrsa1314_widepbio_04232019.csv,https://www.epa.gov/sites/default/files/2019-04/nrsa1314_widepbio_meta_04292019.txt
1314,PHAB_INDICATORS,Physical Habitat,NRSA 1314 Physical Habitat Indicator Metrics,phab_indicator,nrsa1314_phab_04232019.csv,nrsa1314_phab_meta_04292019.txt,10,14,https://www.epa.gov/sites/default/files/2019-04/nrsa1314_phab_04232019.csv,https://www.epa.gov/sites/default/files/2019-04/nrsa1314_phab_meta_04292019.txt
1314,PHAB_COMMON,Physical Habitat,NRSA 1314 Physical Habitat Most Common Metrics,phab_common,nrsa1314_phablow_04232019.csv,nrsa1314_phablow_meta_04292019.txt,75,78,https://www.epa.gov/sites/default/files/2019-04/nrsa1314_phablow_04232019.csv,https://www.epa.gov/sites/default/files/2019-04/nrsa1314_phablow_meta_04292019.txt
1314,PHAB_LARGER,Physical Habitat,NRSA 1314 Physical Habitat Larger Set of Metrics,phab,nrsa1314_phabmed_04232019.csv,nrsa1314_phabmed_meta_04292019.txt,173,176,https://www.epa.gov/sites/default/files/2019-04/nrsa1314_phabmed_04232019.csv,https://www.epa.gov/sites/default/files/2019-04/nrsa1314_phabmed_meta_04292019.txt
1314,SITE_INFO,Site Information,NRSA 1314 Site Information,siteinfo,nrsa1314_siteinformation_wide_04292019.csv,nrsa1314_sitesuids_wide_meta_04292019.txt,82,82,https://www.epa.gov/sites/default/files/2019-04/nrsa1314_siteinformation_wide_04292019.csv,https://www.epa.gov/sites/default/files/2019-04/nrsa1314_sitesuids_wide_meta_04292019.txt
1314,WATER_CHEMISTRY,Water Chemistry,NRSA 1314 Water Chemistry,waterchem,nrsa1314_widechem_04232019.csv,nrsa1314_widechem_meta_04292019.txt,262,262,https://www.epa.gov/sites/default/files/2019-04/nrsa1314_widechem_04232019.csv,https://www.epa.gov/sites/default/files/2019-04/nrsa1314_widechem_meta_04292019.txt
1314,WATER_CHEM_INDICATORS,Water Chemistry,NRSA 1314 Water Chemistry Indicator Values,waterchem_indicator,nrsa1314_chem_04232019.csv,nrsa1314_chem_meta_04292019.txt,11,13,https://www.epa.gov/sites/default/files/2019-04/nrsa1314_chem_04232019.csv,https://www.epa.gov/sites/default/files/2019-04/nrsa1314_chem_meta_04292019.txt
