station_key,comid,lat,lon,source,snapped_at
NRS23_AL_10021,18631884,32.96830438,-87.94559412,nldi_snap,2026-08-24T02:01:14Z
NRS23_AL_10024,19618842,34.93129842,-86.44139259,nldi_snap,2026-08-24T02:01:15Z
NRS23_AL_10025,18632568,32.61964006,-87.96200479,nldi_snap,2026-08-24T02:01:15Z
NRS23_AL_10031,2310443,31.2248612,-85.09653735,nldi_snap,2026-08-24T02:01:15Z
NRS23_AL_10032,21655342,33.48752292,-86.69602939,nldi_snap,2026-08-24T02:01:15Z
NRS23_AL_10034,22038583,32.97288937,-85.7690844,nldi_snap,2026-08-24T02:01:15Z
NRS23_AL_10035,2187281,31.43992664,-85.54580174,nldi_snap,2026-08-24T02:01:15Z
NRS23_AL_10042,18228233,33.31468152,-87.44274098,nldi_snap,2026-08-24T02:01:15Z
NRS23_AL_10051,3435520,32.39174337,-85.15833973,nldi_snap,2026-08-24T02:01:16Z
NRS23_AL_10067,3436768,32.18313043,-85.17125759,nldi_snap,2026-08-24T02:01:16Z
NRS23_AL_10072,18520009,31.0471304,-87.8829617,nldi_snap,2026-08-24T02:01:16Z
NRS23_AL_10078,3436638,32.198921,-85.14875631,nldi_snap,2026-08-24T02:01:16Z
NRS23_AL_10086,18524051,30.73918146,-88.14364478,nldi_snap,2026-08-24T02:01:22Z
NRS23_AL_10091,21459184,31.91107227,-87.51765775,nldi_snap,2026-08-24T02:01:22Z
NRS23_AL_10092,22202117,33.54370776,-85.99237681,nldi_snap,2026-08-24T02:01:22Z
NRS23_AL_10097,2400125,31.69447539,-86.54859697,nldi_snap,2026-08-24T02:01:22Z
NRS23_AL_10099,18548052,31.81801146,-88.20500858,nldi_snap,2026-08-24T02:01:22Z
NRS23_AL_10101,2306773,31.55695585,-85.05084402,nldi_snap,2026-08-24T02:01:22Z
NRS23_AL_10108,22273474,33.2069658,-86.46192253,nldi_snap,2026-08-24T02:01:22Z
NRS23_AL_10109,19623678,34.77956129,-87.68445016,nldi_snap,2026-08-24T02:01:23Z
NRS23_AL_10112,15823713,34.12287742,-85.75091183,nldi_snap,2026-08-24T02:01:23Z
NRS23_AL_10114,18229259,33.49762549,-87.20727446,nldi_snap,2026-08-24T02:01:23Z
NRS23_AL_10117,3434372,32.29783513,-84.93307004,nldi_snap,2026-08-24T02:01:23Z
NRS23_AL_10118,21661806,32.97267764,-87.14092902,nldi_snap,2026-08-24T02:01:23Z
NRS23_AL_10119,21662432,32.35095924,-87.12520403,nldi_snap,2026-08-24T02:01:23Z
NRS23_AL_10120,22273398,33.28318859,-86.43238496,nldi_snap,2026-08-24T02:01:23Z
NRS23_AL_10123,18522485,30.76748302,-87.9255343,nldi_snap,2026-08-24T02:01:24Z
NRS23_AL_10125,19569086,34.31420653,-87.83934854,nldi_snap,2026-08-24T02:01:24Z
NRS23_AL_10127,18548414,31.92555874,-88.08366434,nldi_snap,2026-08-24T02:01:24Z
NRS23_AL_10135,21688846,32.37060727,-87.05078996,nldi_snap,2026-08-24T02:01:24Z
NRS23_AL_10136,22206243,33.43103411,-86.35315897,nldi_snap,2026-08-24T02:01:24Z
NRS23_AL_10140,2210454,31.51119036,-85.86722716,nldi_snap,2026-08-24T02:01:24Z
NRS23_AL_HP001,18578829,34.2856,-87.3991,nldi_snap,2026-08-24T02:01:24Z
NRS23_AL_HP002,22201183,33.87273,-85.58125,nldi_snap,2026-08-24T02:01:24Z
NRS23_AR_10015,6044918,34.92864078,-94.37232199,nldi_snap,2026-08-24T02:01:25Z
NRS23_AR_10018,22846369,34.83086229,-92.61898948,nldi_snap,2026-08-24T02:01:25Z
NRS23_AR_10026,7771571,35.3449765,-93.76700472,nldi_snap,2026-08-24T02:01:25Z
NRS23_AR_10027,11799773,35.52963648,-91.33966132,nldi_snap,2026-08-24T02:01:25Z
NRS23_AR_10028,3750028,33.81527031,-94.17210675,nldi_snap,2026-08-24T02:01:25Z
NRS23_AR_10029,18059622,33.0024305,-91.17098291,nldi_snap,2026-08-24T02:01:25Z
NRS23_AR_10030,398070,36.15388145,-94.36639657,nldi_snap,2026-08-24T02:01:25Z
NRS23_AR_10031,11808920,36.10216576,-91.59303941,nldi_snap,2026-08-24T02:01:26Z
NRS23_AR_10032,15234428,34.60066976,-93.72333053,nldi_snap,2026-08-24T02:01:26Z
NRS23_AR_10033,18055958,33.59245303,-91.13636583,nldi_snap,2026-08-24T02:01:26Z
NRS23_AR_10035,22859759,35.49218734,-90.79491532,nldi_snap,2026-08-24T02:01:26Z
NRS23_AR_10036,22701084,33.80382013,-92.93921324,nldi_snap,2026-08-24T02:01:26Z
NRS23_AR_10056,19473731,33.00869492,-91.8354329,nldi_snap,2026-08-24T02:01:26Z
NRS23_AR_10059,3672692,35.77663644,-90.40532201,nldi_snap,2026-08-24T02:01:26Z
NRS23_AR_10074,7806599,34.98291102,-94.19012477,nldi_snap,2026-08-24T02:01:27Z
NRS23_AR_10086,15314493,34.35332162,-91.62620228,nldi_snap,2026-08-24T02:01:27Z
NRS23_AR_10091,8589440,36.15067864,-93.73428898,nldi_snap,2026-08-24T02:01:27Z
NRS23_AR_10093,22002024,34.26736515,-93.36414769,nldi_snap,2026-08-24T02:01:27Z
NRS23_AR_10094,21814828,33.43461275,-91.99405406,nldi_snap,2026-08-24T02:01:27Z
NRS23_AR_10095,7818186,35.19902116,-92.53298766,nldi_snap,2026-08-24T02:01:28Z
NRS23_AR_10096,11833622,35.76446284,-91.85713867,nldi_snap,2026-08-24T02:01:28Z
NRS23_AR_10097,15234404,34.60770554,-93.82271448,nldi_snap,2026-08-24T02:01:28Z
NRS23_AR_10101,21812892,33.83969954,-92.1535739,nldi_snap,2026-08-24T02:01:28Z
NRS23_AR_10103,7756164,35.35371232,-94.22579826,nldi_snap,2026-08-24T02:01:28Z
NRS23_AZ_10020,21747683,34.4615659,-111.1557179,nldi_snap,2026-08-24T02:01:28Z
NRS23_AZ_10073,20467340,34.89379797,-112.8812603,nldi_snap,2026-08-24T02:01:29Z
NRS23_AZ_10107,945030206,34.26613598,-114.0206931,nldi_snap,2026-08-24T02:01:29Z
NRS23_AZ_10108,3529001,36.84329621,-111.5488821,nldi_snap,2026-08-24T02:01:29Z
NRS23_AZ_10109,22430638,33.99515943,-111.2936311,nldi_snap,2026-08-24T02:01:29Z
NRS23_AZ_10114,21412735,32.74077239,-114.5313073,nldi_snap,2026-08-24T02:01:29Z
NRS23_AZ_10119,21355745,33.29535273,-109.192713,nldi_snap,2026-08-24T02:01:29Z
NRS23_AZ_10121,21435149,35.94830222,-114.7301494,nldi_snap,2026-08-24T02:01:29Z
NRS23_AZ_10124,945030190,33.25861242,-114.6722402,nldi_snap,2026-08-24T02:01:30Z
NRS23_AZ_10129,21438257,34.74043198,-114.5196954,nldi_snap,2026-08-24T02:01:30Z
NRS23_AZ_10135,10003808,33.4871119,-114.5987758,nldi_snap,2026-08-24T02:01:30Z
NRS23_CA_10036,2666267,38.90328768,-123.509526,nldi_snap,2026-08-24T02:01:30Z
NRS23_CA_10046,23936329,41.99886618,-123.0947027,nldi_snap,2026-08-24T02:01:30Z
NRS23_CA_10048,8064179,39.29910365,-120.8196515,nldi_snap,2026-08-24T02:01:30Z
NRS23_CA_10049,8028368,39.90183642,-121.0158282,nldi_snap,2026-08-24T02:01:30Z
NRS23_CA_10050,2709451,39.9128651,-123.2113536,nldi_snap,2026-08-24T02:01:31Z
NRS23_CA_10053,3798223,41.63937736,-123.0587436,nldi_snap,2026-08-24T02:01:31Z
NRS23_CA_10054,14982152,38.81429067,-120.4411683,nldi_snap,2026-08-24T02:01:31Z
NRS23_CA_10057,4446164,41.19905172,-123.6639524,nldi_snap,2026-08-24T02:01:31Z
NRS23_CA_10058,2833552,37.35794104,-120.8991669,nldi_snap,2026-08-24T02:01:31Z
NRS23_CA_10064,7952272,40.76759392,-121.440752,nldi_snap,2026-08-24T02:01:31Z
NRS23_CA_10066,15039031,38.53034521,-121.9289968,nldi_snap,2026-08-24T02:01:31Z
NRS23_CA_10067,19784325,36.78774901,-120.2188455,nldi_snap,2026-08-24T02:01:31Z
NRS23_CA_10068,8026668,40.12872048,-120.6256522,nldi_snap,2026-08-24T02:01:32Z
NRS23_CA_10069,4439248,41.72549833,-123.3643252,nldi_snap,2026-08-24T02:01:32Z
NRS23_CA_10071,20277063,37.20416712,-118.2819708,nldi_snap,2026-08-24T02:01:32Z
NRS23_CA_10072,8039815,39.79081408,-120.6419665,nldi_snap,2026-08-24T02:01:32Z
NRS23_CA_10219,362357,41.80791269,-122.9794973,nldi_snap,2026-08-24T02:01:32Z
NRS23_CA_10228,7932053,41.3774155,-120.2848126,nldi_snap,2026-08-24T02:01:32Z
NRS23_CA_10248,22047949,37.00257693,-119.0177149,nldi_snap,2026-08-24T02:01:32Z
NRS23_CA_10249,17684370,36.97675954,-121.8908987,nldi_snap,2026-08-24T02:01:33Z
NRS23_CA_10252,20275027,37.75235782,-118.4455077,nldi_snap,2026-08-24T02:01:33Z
NRS23_CA_10253,4439302,41.71670849,-123.3286652,nldi_snap,2026-08-24T02:01:33Z
NRS23_CA_10260,20332808,32.89152341,-116.5740716,nldi_snap,2026-08-24T02:01:33Z
NRS23_CA_10261,8268709,39.01538593,-123.1013431,nldi_snap,2026-08-24T02:01:33Z
NRS23_CA_10273,17115503,37.19787998,-119.6111153,nldi_snap,2026-08-24T02:01:33Z
NRS23_CA_10275,2769748,40.07872265,-121.4942776,nldi_snap,2026-08-24T02:01:33Z
NRS23_CA_10276,8235008,40.37249467,-123.3310036,nldi_snap,2026-08-24T02:01:33Z
NRS23_CA_10278,344983,38.1019043,-120.2971877,nldi_snap,2026-08-24T02:01:34Z
NRS23_CA_10285,8027860,40.16099682,-120.5078306,nldi_snap,2026-08-24T02:01:34Z
NRS23_CA_10290,2663195,39.66281336,-123.7703845,nldi_snap,2026-08-24T02:01:34Z
NRS23_CA_10310,1897398,37.78380028,-121.3041111,nldi_snap,2026-08-24T02:01:34Z
NRS23_CA_10312,2782705,40.7035948,-122.4457342,nldi_snap,2026-08-24T02:01:34Z
NRS23_CA_10313,2664177,39.3082579,-123.7056388,nldi_snap,2026-08-24T02:01:34Z
NRS23_CA_10314,15024957,38.58326102,-121.4227398,nldi_snap,2026-08-24T02:01:34Z
NRS23_CA_10317,4441984,41.14412269,-123.780034,nldi_snap,2026-08-24T02:01:35Z
NRS23_CA_10318,948020208,38.80480178,-122.5860147,nldi_snap,2026-08-24T02:01:35Z
NRS23_CA_10321,8258269,41.14317295,-123.1889328,nldi_snap,2026-08-24T02:01:35Z
NRS23_CA_10322,8060667,39.40812236,-121.0736596,nldi_snap,2026-08-24T02:01:35Z
NRS23_CA_10324,14982374,38.78690907,-120.194265,nldi_snap,2026-08-24T02:01:35Z
NRS23_CA_10325,8286770,40.34779462,-123.9310293,nldi_snap,2026-08-24T02:01:35Z
NRS23_CA_10328,2496106,40.36183526,-122.1825362,nldi_snap,2026-08-24T02:01:36Z
NRS23_CA_10333,2702749,40.61812635,-124.2327994,nldi_snap,2026-08-24T02:01:36Z
NRS23_CA_10334,8006219,39.13857247,-122.9993468,nldi_snap,2026-08-24T02:01:36Z
NRS23_CA_10335,948060302,36.25663529,-121.1713697,nldi_snap,2026-08-24T02:01:36Z
NRS23_CA_10337,4439694,41.58266059,-123.5229331,nldi_snap,2026-08-24T02:01:36Z
NRS23_CA_10338,3951477,38.41064746,-121.2822681,nldi_snap,2026-08-24T02:01:36Z
NRS23_CA_10339,17173684,35.44533287,-118.940906,nldi_snap,2026-08-24T02:01:36Z
NRS23_CA_10343,20326413,32.64768266,-116.6804875,nldi_snap,2026-08-24T02:01:36Z
NRS23_CA_HP001,8063401,39.4667372,-120.9644497,nldi_snap,2026-08-24T02:01:37Z
NRS23_CO_10019,17895075,37.52591861,-106.4218508,nldi_snap,2026-08-24T02:01:37Z
NRS23_CO_10020,18370474,38.61355327,-108.6880311,nldi_snap,2026-08-24T02:01:37Z
NRS23_CO_10022,1237315,39.92048265,-106.1036228,nldi_snap,2026-08-24T02:01:37Z
NRS23_CO_10023,17881768,37.92282812,-106.6987307,nldi_snap,2026-08-24T02:01:37Z
NRS23_CO_10027,1327399,39.23130314,-106.9121648,nldi_snap,2026-08-24T02:01:37Z
NRS23_CO_10033,18370546,38.57196857,-108.9195644,nldi_snap,2026-08-24T02:01:37Z
NRS23_CO_10034,1312749,39.70050126,-106.1055205,nldi_snap,2026-08-24T02:01:38Z
NRS23_CO_10158,1357286,40.4524822,-106.6768147,nldi_snap,2026-08-24T02:01:38Z
NRS23_CO_10159,9772747,38.60807609,-106.6760085,nldi_snap,2026-08-24T02:01:38Z
NRS23_CO_10187,1324875,39.50966698,-107.318212,nldi_snap,2026-08-24T02:01:38Z
NRS23_CO_10189,947513,38.63312014,-105.0448119,nldi_snap,2026-08-24T02:01:38Z
NRS23_CO_10190,1354246,40.53233821,-106.8130144,nldi_snap,2026-08-24T02:01:38Z
NRS23_CO_10191,16998704,37.22841433,-108.2152499,nldi_snap,2026-08-24T02:01:38Z
NRS23_CO_10198,15995954,40.77291468,-106.6129236,nldi_snap,2026-08-24T02:01:38Z
NRS23_CO_10202,916469,39.28647266,-106.4517417,nldi_snap,2026-08-24T02:01:39Z
NRS23_CO_10217,2899349,40.69224417,-105.3383445,nldi_snap,2026-08-24T02:01:39Z
NRS23_CO_10221,17899283,37.269982,-105.7306898,nldi_snap,2026-08-24T02:01:39Z
NRS23_CO_10222,17014689,37.46153067,-107.8657869,nldi_snap,2026-08-24T02:01:39Z
NRS23_CO_10224,3180756,39.26282604,-107.8811713,nldi_snap,2026-08-24T02:01:39Z
NRS23_CO_10225,3558086,40.84127134,-102.8086172,nldi_snap,2026-08-24T02:01:39Z
NRS23_CO_10227,1594271,38.07248424,-103.1420696,nldi_snap,2026-08-24T02:01:39Z
NRS23_CT_10008,7702280,41.42122178,-72.35053983,nldi_snap,2026-08-24T02:01:40Z
NRS23_CT_10010,7713562,41.76191756,-73.13908147,nldi_snap,2026-08-24T02:01:40Z
NRS23_CT_10012,7711864,41.9757333,-73.4184838,nldi_snap,2026-08-24T02:01:40Z
NRS23_CT_10013,7716800,41.44969937,-73.34134381,nldi_snap,2026-08-24T02:01:40Z
NRS23_CT_10014,166182049,41.53010686,-72.8506373,nldi_snap,2026-08-24T02:01:40Z
NRS23_CT_10015,6109759,41.91570735,-72.98870121,nldi_snap,2026-08-24T02:01:40Z
NRS23_CT_10016,6154817,41.55423988,-72.01939205,nldi_snap,2026-08-24T02:01:41Z
NRS23_CT_10017,6149587,41.80545245,-71.89673909,nldi_snap,2026-08-24T02:01:41Z
NRS23_CT_10018,7701070,41.69281022,-72.63622202,nldi_snap,2026-08-24T02:01:41Z
NRS23_CT_10019,6177234,41.39375683,-72.8687784,nldi_snap,2026-08-24T02:01:41Z
NRS23_CT_10020,7701144,41.5562701,-72.4413029,nldi_snap,2026-08-24T02:01:41Z
NRS23_CT_10032,6148691,41.83868081,-71.94311335,nldi_snap,2026-08-24T02:01:41Z
NRS23_CT_10046,7700810,41.64157648,-72.43536926,nldi_snap,2026-08-24T02:01:41Z
NRS23_DE_10008,8390988,38.9449238,-75.63033482,nldi_snap,2026-08-24T02:01:41Z
NRS23_DE_10037,8391044,38.88649109,-75.69729663,nldi_snap,2026-08-24T02:01:42Z
NRS23_DE_10039,4653300,39.46042873,-75.70555137,nldi_snap,2026-08-24T02:01:42Z
NRS23_DE_10041,9406200,39.01849108,-75.64258574,nldi_snap,2026-08-24T02:01:42Z
NRS23_DE_10042,9405898,39.14573769,-75.67214888,nldi_snap,2026-08-24T02:01:42Z
NRS23_DE_10043,4765350,39.25340967,-75.70335244,nldi_snap,2026-08-24T02:01:42Z
NRS23_DE_10045,8077028,38.91749804,-75.56580114,nldi_snap,2026-08-24T02:01:42Z
NRS23_DE_10048,8393606,38.49317407,-75.55639241,nldi_snap,2026-08-24T02:01:42Z
NRS23_FL_10015,2241985,30.73109586,-85.73728192,nldi_snap,2026-08-24T02:01:42Z
NRS23_FL_10016,791316,30.91753797,-86.72662106,nldi_snap,2026-08-24T02:01:43Z
NRS23_FL_10017,2077359,30.02172444,-84.81444174,nldi_snap,2026-08-24T02:01:43Z
NRS23_FL_10039,10316546,30.53777281,-83.89187644,nldi_snap,2026-08-24T02:01:43Z
NRS23_FL_10040,16659601,30.05455603,-81.78310961,nldi_snap,2026-08-24T02:01:43Z
NRS23_FL_10059,16876986,27.49828149,-82.19210687,nldi_snap,2026-08-24T02:01:43Z
NRS23_FL_10060,2135668,30.16556115,-85.25014397,nldi_snap,2026-08-24T02:01:43Z
NRS23_FL_10061,897951,30.62942228,-86.70348921,nldi_snap,2026-08-24T02:01:43Z
NRS23_FL_10070,16802449,27.51696928,-81.79085436,nldi_snap,2026-08-24T02:01:44Z
NRS23_FL_10071,10997543,28.7920091,-81.19565947,nldi_snap,2026-08-24T02:01:44Z
NRS23_FL_10072,800843,30.43114931,-86.77212799,nldi_snap,2026-08-24T02:01:44Z
NRS23_GA_10017,11736339,34.20564654,-82.87875109,nldi_snap,2026-08-24T02:01:44Z
NRS23_GA_10022,6397465,31.12384924,-82.15197916,nldi_snap,2026-08-24T02:01:44Z
NRS23_GA_10023,1049821,33.92378741,-83.44363494,nldi_snap,2026-08-24T02:01:44Z
NRS23_GA_10024,6459783,31.91823518,-84.32049968,nldi_snap,2026-08-24T02:01:44Z
NRS23_GA_10025,9975525,33.03682506,-81.79718283,nldi_snap,2026-08-24T02:01:44Z
NRS23_GA_10026,2067094,30.75744494,-83.4804501,nldi_snap,2026-08-24T02:01:45Z
NRS23_GA_10027,6460771,31.74025436,-84.24805004,nldi_snap,2026-08-24T02:01:45Z
NRS23_GA_10028,6498172,34.0454908,-84.78926057,nldi_snap,2026-08-24T02:01:45Z
NRS23_GA_10030,14357622,31.8915776,-82.11600077,nldi_snap,2026-08-24T02:01:45Z
NRS23_GA_10032,6495472,34.47260799,-84.22358637,nldi_snap,2026-08-24T02:01:45Z
NRS23_GA_10049,9954316,33.5115984,-82.95326453,nldi_snap,2026-08-24T02:01:45Z
NRS23_GA_10050,6397359,31.29750672,-82.70691566,nldi_snap,2026-08-24T02:01:45Z
NRS23_GA_10052,6478255,34.6599712,-84.66595076,nldi_snap,2026-08-24T02:01:46Z
NRS23_GA_10055,2045167,34.24999453,-84.00532268,nldi_snap,2026-08-24T02:01:46Z
NRS23_GA_10057,1948473,32.6292294,-83.16560791,nldi_snap,2026-08-24T02:01:46Z
NRS23_GA_10059,1048057,34.06393074,-83.34543848,nldi_snap,2026-08-24T02:01:46Z
NRS23_GA_10070,6479169,34.51032251,-84.45418741,nldi_snap,2026-08-24T02:01:46Z
NRS23_GA_10090,14455251,32.34072666,-82.24008722,nldi_snap,2026-08-24T02:01:46Z
NRS23_GA_10091,6429894,32.36844489,-84.0320686,nldi_snap,2026-08-24T02:01:46Z
NRS23_GA_HP001,6494414,34.602,-84.1512,nldi_snap,2026-08-24T02:01:46Z
NRS23_IA_10018,6983402,41.38876705,-92.64359629,nldi_snap,2026-08-24T02:01:47Z
NRS23_IA_10020,13372049,42.68066488,-91.70893378,nldi_snap,2026-08-24T02:01:47Z
NRS23_IA_10026,13309611,43.34411324,-92.16839071,nldi_snap,2026-08-24T02:01:47Z
NRS23_IA_10029,22474187,42.47587818,-92.40139066,nldi_snap,2026-08-24T02:01:47Z
NRS23_IA_10030,13372297,42.59243829,-91.546018,nldi_snap,2026-08-24T02:01:47Z
NRS23_IA_10031,6966239,40.73753652,-91.11249135,nldi_snap,2026-08-24T02:01:47Z
NRS23_IA_10032,14623418,42.75075752,-95.5326566,nldi_snap,2026-08-24T02:01:48Z
NRS23_IA_10033,22476897,42.33956916,-92.17023924,nldi_snap,2026-08-24T02:01:48Z
NRS23_IA_10035,6598096,41.85725753,-94.07444725,nldi_snap,2026-08-24T02:01:48Z
NRS23_IA_10037,13337588,43.47756465,-92.07488237,nldi_snap,2026-08-24T02:01:48Z
NRS23_IA_10038,11918443,41.4685278,-91.70312174,nldi_snap,2026-08-24T02:01:48Z
NRS23_IA_10049,13210476,43.29369774,-91.27369823,nldi_snap,2026-08-24T02:01:48Z
NRS23_IA_10059,13312669,42.71019299,-91.311262,nldi_snap,2026-08-24T02:01:48Z
NRS23_IA_10061,19163969,41.6269631,-94.98769523,nldi_snap,2026-08-24T02:01:48Z
NRS23_IA_10067,6566249,43.17912886,-93.1501421,nldi_snap,2026-08-24T02:01:49Z
NRS23_IA_10070,17233534,42.58897116,-96.16970251,nldi_snap,2026-08-24T02:01:49Z
NRS23_IA_10084,6559839,43.39380035,-93.37134735,nldi_snap,2026-08-24T02:01:49Z
NRS23_IA_10085,7017167,42.78602594,-92.371106,nldi_snap,2026-08-24T02:01:49Z
NRS23_IA_10087,17556563,41.54318011,-91.37414193,nldi_snap,2026-08-24T02:01:49Z
NRS23_IA_10088,6595826,42.44684555,-94.01531176,nldi_snap,2026-08-24T02:01:49Z
NRS23_IA_10109,6613764,41.532122,-93.90255279,nldi_snap,2026-08-24T02:01:49Z
NRS23_IA_10115,13211732,43.00519563,-91.16212104,nldi_snap,2026-08-24T02:01:50Z
NRS23_IA_10117,6620590,41.6659238,-94.36175863,nldi_snap,2026-08-24T02:01:50Z
NRS23_IA_10120,11916409,41.5432464,-91.51745455,nldi_snap,2026-08-24T02:01:50Z
NRS23_IA_HP001,13336752,43.36702,-91.61832,nldi_snap,2026-08-24T02:01:50Z
NRS23_IA_HP002,5136643,40.83555,-93.85719,nldi_snap,2026-08-24T02:01:50Z
NRS23_ID_10028,23284595,42.47475633,-115.3899153,nldi_snap,2026-08-24T02:01:51Z
NRS23_ID_10030,23460285,47.0152943,-116.5254163,nldi_snap,2026-08-24T02:01:51Z
NRS23_ID_10033,24228251,46.09674909,-116.9769293,nldi_snap,2026-08-24T02:01:51Z
NRS23_ID_10035,24158551,44.08588653,-115.4886657,nldi_snap,2026-08-24T02:01:51Z
NRS23_ID_10036,23233007,43.921435,-113.1349551,nldi_snap,2026-08-24T02:01:51Z
NRS23_ID_10037,24114421,48.36441254,-116.408638,nldi_snap,2026-08-24T02:01:51Z
NRS23_ID_10038,23560073,45.40978157,-116.2432116,nldi_snap,2026-08-24T02:01:51Z
NRS23_ID_10039,947050211,44.52180447,-116.6886327,nldi_snap,2026-08-24T02:01:51Z
NRS23_ID_10040,23238648,43.93240687,-114.1151827,nldi_snap,2026-08-24T02:01:52Z
NRS23_ID_10041,24114183,48.16054919,-116.7591214,nldi_snap,2026-08-24T02:01:52Z
NRS23_ID_10131,23631344,46.6186963,-115.7793477,nldi_snap,2026-08-24T02:01:52Z
NRS23_ID_10132,23149010,43.26164169,-111.8415393,nldi_snap,2026-08-24T02:01:52Z
NRS23_ID_10146,23624956,46.61823941,-115.6083248,nldi_snap,2026-08-24T02:01:52Z
NRS23_ID_10147,24194050,44.8910068,-116.7245535,nldi_snap,2026-08-24T02:01:52Z
NRS23_ID_10155,24184320,44.75136802,-116.2369041,nldi_snap,2026-08-24T02:01:52Z
NRS23_ID_10156,23553112,44.8900526,-115.3467143,nldi_snap,2026-08-24T02:01:53Z
NRS23_ID_10160,23251297,43.6885302,-114.1972208,nldi_snap,2026-08-24T02:01:53Z
NRS23_ID_10167,24177795,44.98186784,-115.9559558,nldi_snap,2026-08-24T02:01:53Z
NRS23_ID_10171,23598183,45.68948573,-115.5430294,nldi_snap,2026-08-24T02:01:53Z
NRS23_ID_10180,23382453,43.8470435,-115.9292613,nldi_snap,2026-08-24T02:01:53Z
NRS23_ID_10183,23387053,43.73526416,-114.9065322,nldi_snap,2026-08-24T02:01:53Z
NRS23_ID_10186,24228321,45.91039811,-116.8616707,nldi_snap,2026-08-24T02:01:53Z
NRS23_ID_10188,23377390,43.79279452,-115.5488714,nldi_snap,2026-08-24T02:01:53Z
NRS23_ID_10190,23004615,47.23137259,-115.7389576,nldi_snap,2026-08-24T02:01:54Z
NRS23_ID_10192,24160041,44.07751115,-115.9624426,nldi_snap,2026-08-24T02:01:54Z
NRS23_ID_10193,23141471,43.87996498,-111.857495,nldi_snap,2026-08-24T02:01:54Z
NRS23_ID_10194,24114479,48.41593209,-116.4779435,nldi_snap,2026-08-24T02:01:54Z
NRS23_ID_10241,24461216,44.48449345,-111.2818826,nldi_snap,2026-08-24T02:01:54Z
NRS23_ID_HP001,23623226,46.66522964,-115.5475071,nldi_snap,2026-08-24T02:01:54Z
NRS23_ID_HP002,23283585,42.7527138,-116.0743669,nldi_snap,2026-08-24T02:01:54Z
NRS23_IL_10018,3599706,39.4412621,-90.31819722,nldi_snap,2026-08-24T02:01:54Z
NRS23_IL_10019,11868626,37.42512095,-88.34728845,nldi_snap,2026-08-24T02:01:55Z
NRS23_IL_10025,13573555,39.86459015,-89.2084602,nldi_snap,2026-08-24T02:01:55Z
NRS23_IL_10032,13463917,41.59631218,-87.57730423,nldi_snap,2026-08-24T02:01:55Z
NRS23_IL_10033,13606180,40.61564389,-89.64487675,nldi_snap,2026-08-24T02:01:55Z
NRS23_IL_10036,14762971,41.80385074,-88.32375688,nldi_snap,2026-08-24T02:01:55Z
NRS23_IL_10061,10147305,37.59005685,-88.22668088,nldi_snap,2026-08-24T02:01:55Z
NRS23_IL_10063,10969681,41.41689148,-90.04931538,nldi_snap,2026-08-24T02:01:55Z
NRS23_IL_10071,6960059,41.21024172,-90.33688671,nldi_snap,2026-08-24T02:01:56Z
NRS23_IL_10078,10436428,38.36792557,-88.07543861,nldi_snap,2026-08-24T02:01:56Z
NRS23_IL_10085,13803730,40.4027685,-90.4878941,nldi_snap,2026-08-24T02:01:56Z
NRS23_IL_10086,10082110,40.03883398,-88.09938739,nldi_snap,2026-08-24T02:01:56Z
NRS23_IL_10089,10381427,38.48671535,-87.77216179,nldi_snap,2026-08-24T02:01:56Z
NRS23_IL_10091,13573021,39.78081394,-88.92933842,nldi_snap,2026-08-24T02:01:56Z
NRS23_IL_10099,13870830,38.59062449,-89.13958774,nldi_snap,2026-08-24T02:01:56Z
NRS23_IL_10111,14836421,41.28674041,-89.38270802,nldi_snap,2026-08-24T02:01:56Z
NRS23_IL_10112,3598196,39.54068011,-90.57643159,nldi_snap,2026-08-24T02:01:57Z
NRS23_IL_10114,14835449,41.33932935,-88.85761041,nldi_snap,2026-08-24T02:01:57Z
NRS23_IL_10115,13413170,42.49425279,-89.76575333,nldi_snap,2026-08-24T02:01:57Z
NRS23_IL_10120,13463123,42.00223806,-87.78983645,nldi_snap,2026-08-24T02:01:57Z
NRS23_IL_10124,14763955,41.45655929,-88.73529358,nldi_snap,2026-08-24T02:01:57Z
NRS23_IL_10125,10603824,42.13316046,-89.23650875,nldi_snap,2026-08-24T02:01:57Z
NRS23_IL_10126,3598274,39.75922875,-90.61060353,nldi_snap,2026-08-24T02:01:57Z
NRS23_IL_10130,10080280,40.2970353,-87.61815619,nldi_snap,2026-08-24T02:01:58Z
NRS23_IL_10134,14784655,42.47252191,-87.93972152,nldi_snap,2026-08-24T02:01:58Z
NRS23_IL_10135,14819599,40.10188443,-90.05436397,nldi_snap,2026-08-24T02:01:58Z
NRS23_IN_10011,18459784,39.93005836,-85.54124007,nldi_snap,2026-08-24T02:01:58Z
NRS23_IN_10014,18454569,39.09825725,-85.69499905,nldi_snap,2026-08-24T02:01:58Z
NRS23_IN_10015,20097539,40.44358009,-86.28126373,nldi_snap,2026-08-24T02:01:58Z
NRS23_IN_10017,10382063,38.36696683,-87.78837435,nldi_snap,2026-08-24T02:01:58Z
NRS23_IN_10018,18440394,38.36579398,-87.19943257,nldi_snap,2026-08-24T02:01:59Z
NRS23_IN_10019,18487338,41.24491325,-86.00398935,nldi_snap,2026-08-24T02:01:59Z
NRS23_IN_10020,20097557,40.43484294,-86.80999434,nldi_snap,2026-08-24T02:01:59Z
NRS23_IN_10021,18471304,38.49962107,-87.54277611,nldi_snap,2026-08-24T02:01:59Z
NRS23_IN_10045,18454533,39.16398976,-85.62170576,nldi_snap,2026-08-24T02:01:59Z
NRS23_IN_10046,15676987,41.62581111,-84.83491132,nldi_snap,2026-08-24T02:01:59Z
NRS23_IN_10061,18444088,39.20689344,-86.17629362,nldi_snap,2026-08-24T02:01:59Z
NRS23_IN_10089,18445612,38.79876821,-86.47012123,nldi_snap,2026-08-24T02:01:59Z
NRS23_KS_10026,7359879,38.00393992,-94.69274583,nldi_snap,2026-08-24T02:02:00Z
NRS23_KS_10027,18841770,39.06315599,-96.76717387,nldi_snap,2026-08-24T02:02:00Z
NRS23_KS_10036,20920247,38.46971369,-96.95550645,nldi_snap,2026-08-24T02:02:00Z
NRS23_KS_10044,20888619,38.33295494,-95.61524784,nldi_snap,2026-08-24T02:02:00Z
NRS23_KS_10045,747699,39.21883246,-95.54474928,nldi_snap,2026-08-24T02:02:00Z
NRS23_KS_10050,21159193,37.92581459,-98.05461507,nldi_snap,2026-08-24T02:02:00Z
NRS23_KS_10051,747059,39.44887625,-95.53878641,nldi_snap,2026-08-24T02:02:00Z
NRS23_KS_10052,20875056,37.23317705,-95.04447095,nldi_snap,2026-08-24T02:02:01Z
NRS23_KS_10161,19017037,39.90902279,-98.33423921,nldi_snap,2026-08-24T02:02:01Z
NRS23_KS_10162,20078216,37.85511738,-97.17478269,nldi_snap,2026-08-24T02:02:01Z
NRS23_KS_10164,3538175,39.35926743,-97.76596877,nldi_snap,2026-08-24T02:02:01Z
NRS23_KS_10165,4023389,39.91711927,-97.14841713,nldi_snap,2026-08-24T02:02:01Z
NRS23_KS_10171,20987661,37.20753864,-97.63141656,nldi_snap,2026-08-24T02:02:01Z
NRS23_KS_10172,4027935,39.72738834,-97.01089354,nldi_snap,2026-08-24T02:02:02Z
NRS23_KS_10191,4023823,39.85808401,-97.35984468,nldi_snap,2026-08-24T02:02:02Z
NRS23_KS_10202,20080772,37.99000826,-96.95937125,nldi_snap,2026-08-24T02:02:02Z
NRS23_KS_10208,2277329,39.76648562,-96.12754016,nldi_snap,2026-08-24T02:02:02Z
NRS23_KS_10216,3648412,38.91634574,-95.9883252,nldi_snap,2026-08-24T02:02:02Z
NRS23_KS_10222,21160883,37.67797605,-97.72294436,nldi_snap,2026-08-24T02:02:02Z
NRS23_KS_10235,20928564,38.6157999,-96.17854363,nldi_snap,2026-08-24T02:02:02Z
NRS23_KS_10239,2253843,39.58314228,-95.22446835,nldi_snap,2026-08-24T02:02:03Z
NRS23_KS_10247,3703454,39.83518293,-95.53318623,nldi_snap,2026-08-24T02:02:03Z
NRS23_KS_10250,4023929,39.84655733,-97.16511325,nldi_snap,2026-08-24T02:02:03Z
NRS23_KS_10252,21010969,37.4680573,-99.04453627,nldi_snap,2026-08-24T02:02:03Z
NRS23_KS_10253,2253329,39.78982916,-95.06722268,nldi_snap,2026-08-24T02:02:03Z
NRS23_KS_10269,2277335,39.75685095,-96.3545691,nldi_snap,2026-08-24T02:02:03Z
NRS23_KS_10272,7316430,39.00631846,-99.74227905,nldi_snap,2026-08-24T02:02:03Z
NRS23_KS_10287,3640616,39.59755176,-96.19638611,nldi_snap,2026-08-24T02:02:04Z
NRS23_KS_HP001,20906127,38.49167,-96.58222,nldi_snap,2026-08-24T02:02:04Z
NRS23_KY_10016,10188514,36.86272262,-83.4592134,nldi_snap,2026-08-24T02:02:04Z
NRS23_KY_10017,487344,37.20504808,-83.33861094,nldi_snap,2026-08-24T02:02:04Z
NRS23_KY_10018,10181423,36.71651477,-85.23489366,nldi_snap,2026-08-24T02:02:04Z
NRS23_KY_10019,1826498,38.29931511,-85.04471821,nldi_snap,2026-08-24T02:02:04Z
NRS23_KY_10023,12152498,36.88024939,-84.58893781,nldi_snap,2026-08-24T02:02:04Z
NRS23_KY_10024,1840069,37.10930293,-88.61506925,nldi_snap,2026-08-24T02:02:04Z
NRS23_KY_10025,1827798,37.82620244,-84.67575689,nldi_snap,2026-08-24T02:02:05Z
NRS23_KY_10026,1825564,38.31705059,-84.85559451,nldi_snap,2026-08-24T02:02:05Z
NRS23_KY_10036,1825464,38.25040108,-84.967868,nldi_snap,2026-08-24T02:02:05Z
NRS23_KY_10039,456516,37.46676861,-83.25246451,nldi_snap,2026-08-24T02:02:05Z
NRS23_KY_10067,11628255,37.13044317,-86.79068279,nldi_snap,2026-08-24T02:02:05Z
NRS23_KY_10068,1827680,37.98906485,-84.82181172,nldi_snap,2026-08-24T02:02:05Z
NRS23_KY_10069,433832,38.07281427,-82.55905916,nldi_snap,2026-08-24T02:02:05Z
NRS23_KY_10072,2090881,38.12353991,-83.55375207,nldi_snap,2026-08-24T02:02:06Z
NRS23_KY_HP001,455266,37.463696,-83.12992946,nldi_snap,2026-08-24T02:02:06Z
NRS23_KY_HP002,505098,37.08669,-83.60243,nldi_snap,2026-08-24T02:02:06Z
NRS23_LA_10009,19352033,31.95991651,-91.82568653,nldi_snap,2026-08-24T02:02:06Z
NRS23_LA_10013,19377920,31.46871119,-92.25870895,nldi_snap,2026-08-24T02:02:06Z
NRS23_LA_10014,19369996,31.24111018,-91.69016831,nldi_snap,2026-08-24T02:02:06Z
NRS23_LA_10021,19406744,31.27068736,-91.86167172,nldi_snap,2026-08-24T02:02:06Z
NRS23_LA_10022,19305057,32.01003035,-91.58692009,nldi_snap,2026-08-24T02:02:06Z
NRS23_LA_10024,19916882,31.7476825,-92.96521845,nldi_snap,2026-08-24T02:02:07Z
NRS23_LA_10026,8333624,29.99055127,-93.78889628,nldi_snap,2026-08-24T02:02:07Z
NRS23_LA_10033,15168499,30.88754609,-91.76909053,nldi_snap,2026-08-24T02:02:07Z
NRS23_LA_10037,15083097,31.22552626,-92.7976155,nldi_snap,2026-08-24T02:02:07Z
NRS23_LA_10042,18974617,30.76702937,-90.42978763,nldi_snap,2026-08-24T02:02:07Z
NRS23_LA_10046,22369221,29.89526611,-90.43001949,nldi_snap,2026-08-24T02:02:07Z
NRS23_LA_10056,19918730,31.39808184,-92.92256336,nldi_snap,2026-08-24T02:02:07Z
NRS23_LA_10065,18975211,30.75889132,-90.35792834,nldi_snap,2026-08-24T02:02:07Z
NRS23_LA_10066,19433890,32.39608257,-92.19672231,nldi_snap,2026-08-24T02:02:08Z
NRS23_LA_10068,8329600,31.04851533,-93.48723906,nldi_snap,2026-08-24T02:02:08Z
NRS23_LA_10072,15086087,30.56958695,-93.15035024,nldi_snap,2026-08-24T02:02:08Z
NRS23_LA_10083,19918652,31.40977194,-92.80575726,nldi_snap,2026-08-24T02:02:08Z
NRS23_LA_10092,17917625,32.83078739,-92.03696817,nldi_snap,2026-08-24T02:02:08Z
NRS23_LA_10094,15150946,30.0788903,-91.83367598,nldi_snap,2026-08-24T02:02:08Z
NRS23_LA_10095,22370229,29.73733181,-90.36038109,nldi_snap,2026-08-24T02:02:08Z
NRS23_LA_10096,19406768,31.22940462,-91.96901233,nldi_snap,2026-08-24T02:02:09Z
NRS23_LA_10099,19919240,31.42929335,-92.69407052,nldi_snap,2026-08-24T02:02:09Z
NRS23_MA_10011,6773195,42.25826335,-71.43488113,nldi_snap,2026-08-24T02:02:09Z
NRS23_MA_10012,6097565,42.17818263,-72.91146543,nldi_snap,2026-08-24T02:02:09Z
NRS23_MA_10013,10294756,42.65598599,-72.5698268,nldi_snap,2026-08-24T02:02:09Z
NRS23_MA_10014,6772467,42.31090739,-71.57709525,nldi_snap,2026-08-24T02:02:09Z
NRS23_MA_10016,6101885,42.08752311,-72.61607261,nldi_snap,2026-08-24T02:02:09Z
NRS23_MA_10017,166174726,42.31910292,-72.85142789,nldi_snap,2026-08-24T02:02:10Z
NRS23_MA_10019,5867805,42.27221985,-71.17414595,nldi_snap,2026-08-24T02:02:10Z
NRS23_MA_10030,6772929,42.31661553,-71.3613323,nldi_snap,2026-08-24T02:02:10Z
NRS23_MA_10036,22290185,42.71290261,-73.1488057,nldi_snap,2026-08-24T02:02:10Z
NRS23_MA_10038,6144835,42.01723043,-71.78724534,nldi_snap,2026-08-24T02:02:10Z
NRS23_MA_10044,22290373,42.67996649,-73.20958971,nldi_snap,2026-08-24T02:02:10Z
NRS23_MA_10058,6781977,42.4776941,-72.57612434,nldi_snap,2026-08-24T02:02:10Z
NRS23_MA_10060,6772151,42.47120726,-71.35002935,nldi_snap,2026-08-24T02:02:11Z
NRS23_MA_10061,6096525,42.10720971,-72.72952111,nldi_snap,2026-08-24T02:02:11Z
NRS23_MA_10064,6745920,42.77060298,-71.08652166,nldi_snap,2026-08-24T02:02:11Z
NRS23_MA_10066,9343801,42.57637074,-72.27014348,nldi_snap,2026-08-24T02:02:11Z
NRS23_MD_10010,4529575,38.62644552,-77.09084959,nldi_snap,2026-08-24T02:02:11Z
NRS23_MD_10013,4506634,39.07422774,-77.29331355,nldi_snap,2026-08-24T02:02:11Z
NRS23_MD_10014,14364080,39.61376346,-79.06918814,nldi_snap,2026-08-24T02:02:11Z
NRS23_MD_10018,4507344,39.27661053,-77.54606443,nldi_snap,2026-08-24T02:02:11Z
NRS23_MD_10038,11906176,39.24876589,-76.83535477,nldi_snap,2026-08-24T02:02:12Z
NRS23_MD_10039,3809649,39.36765083,-79.39832536,nldi_snap,2026-08-24T02:02:12Z
NRS23_MD_10050,22338019,38.71467353,-76.92802829,nldi_snap,2026-08-24T02:02:12Z
NRS23_MD_10066,4507484,39.07656519,-77.4405888,nldi_snap,2026-08-24T02:02:12Z
NRS23_MD_10069,14363008,39.64441021,-78.73367812,nldi_snap,2026-08-24T02:02:12Z
NRS23_MD_10070,8431754,39.58903446,-78.43462062,nldi_snap,2026-08-24T02:02:12Z
NRS23_MD_10073,5891326,39.68228505,-77.83339326,nldi_snap,2026-08-24T02:02:12Z
NRS23_MD_10074,14365442,39.29366359,-79.34282597,nldi_snap,2026-08-24T02:02:12Z
NRS23_ME_10016,2680682,44.99226936,-68.34075494,nldi_snap,2026-08-24T02:02:13Z
NRS23_ME_10018,817401,46.34298257,-67.92626967,nldi_snap,2026-08-24T02:02:13Z
NRS23_ME_10021,1718335,45.55301629,-69.12794029,nldi_snap,2026-08-24T02:02:13Z
NRS23_ME_10023,19333931,44.92228546,-70.72616143,nldi_snap,2026-08-24T02:02:13Z
NRS23_ME_10025,1022640,45.6331419,-69.92414428,nldi_snap,2026-08-24T02:02:13Z
NRS23_ME_10029,1702806,45.90617323,-69.96771582,nldi_snap,2026-08-24T02:02:13Z
NRS23_ME_10032,6712391,44.48889345,-70.35820167,nldi_snap,2026-08-24T02:02:13Z
NRS23_ME_10036,1032533,45.25349491,-70.22414134,nldi_snap,2026-08-24T02:02:14Z
NRS23_ME_10039,817261,46.10354556,-67.86811211,nldi_snap,2026-08-24T02:02:14Z
NRS23_ME_10042,721640,47.06274712,-69.08815911,nldi_snap,2026-08-24T02:02:14Z
NRS23_ME_10051,804775,46.93748777,-68.48987046,nldi_snap,2026-08-24T02:02:14Z
NRS23_ME_10054,5194724,45.68713607,-67.83872615,nldi_snap,2026-08-24T02:02:14Z
NRS23_ME_10055,804315,46.59108405,-68.810655,nldi_snap,2026-08-24T02:02:14Z
NRS23_ME_10065,718940,46.67185739,-69.62950355,nldi_snap,2026-08-24T02:02:14Z
NRS23_ME_10075,3324500,44.48718866,-69.62503736,nldi_snap,2026-08-24T02:02:14Z
NRS23_ME_10076,805055,46.52437187,-68.81883971,nldi_snap,2026-08-24T02:02:15Z
NRS23_ME_10077,4290581,46.22228731,-70.17789316,nldi_snap,2026-08-24T02:02:15Z
NRS23_ME_10078,5197692,45.21835465,-68.05422858,nldi_snap,2026-08-24T02:02:15Z
NRS23_ME_10080,4288137,47.3905667,-69.07951011,nldi_snap,2026-08-24T02:02:15Z
NRS23_ME_10081,5203614,44.35305913,-69.27633438,nldi_snap,2026-08-24T02:02:15Z
NRS23_ME_10084,804601,46.514469,-68.63174831,nldi_snap,2026-08-24T02:02:15Z
NRS23_ME_10114,1703312,45.99828705,-70.11331518,nldi_snap,2026-08-24T02:02:15Z
NRS23_ME_10119,1736894,44.79474571,-68.76934028,nldi_snap,2026-08-24T02:02:16Z
NRS23_ME_10123,804391,46.56770072,-68.66598768,nldi_snap,2026-08-24T02:02:16Z
NRS23_ME_10125,9314217,43.8688024,-70.80505374,nldi_snap,2026-08-24T02:02:16Z
NRS23_ME_10132,805387,46.57553469,-68.40494946,nldi_snap,2026-08-24T02:02:16Z
NRS23_ME_10133,3325404,44.4376254,-69.83743685,nldi_snap,2026-08-24T02:02:16Z
NRS23_ME_10134,724776,47.07905388,-68.40863481,nldi_snap,2026-08-24T02:02:16Z
NRS23_ME_10140,1733860,45.31750207,-68.62133193,nldi_snap,2026-08-24T02:02:16Z
NRS23_ME_10147,5202726,44.30862924,-69.21418035,nldi_snap,2026-08-24T02:02:17Z
NRS23_ME_10148,803219,46.78031336,-67.80000375,nldi_snap,2026-08-24T02:02:17Z
NRS23_ME_10153,6716057,44.40764533,-70.90459789,nldi_snap,2026-08-24T02:02:17Z
NRS23_ME_10157,6710327,44.55020102,-70.53456265,nldi_snap,2026-08-24T02:02:17Z
NRS23_ME_10159,725686,46.79659618,-68.7792212,nldi_snap,2026-08-24T02:02:17Z
NRS23_ME_HP002,719162,46.78055,-69.3329,nldi_snap,2026-08-24T02:02:17Z
NRS23_ME_HP003,805465,46.50131,-68.3983,nldi_snap,2026-08-24T02:02:17Z
NRS23_ME_HP004,1711504,46.12652,-68.7965,nldi_snap,2026-08-24T02:02:18Z
NRS23_ME_HP005,1713102,45.9039,-68.6409,nldi_snap,2026-08-24T02:02:18Z
NRS23_MI_10039,11959494,46.34812902,-87.52580512,nldi_snap,2026-08-24T02:02:18Z
NRS23_MI_10042,12927841,43.5961578,-83.47629427,nldi_snap,2026-08-24T02:02:18Z
NRS23_MI_10044,13165982,42.06806318,-83.54082409,nldi_snap,2026-08-24T02:02:18Z
NRS23_MI_10048,12221626,46.39837097,-86.01850592,nldi_snap,2026-08-24T02:02:18Z
NRS23_MI_10049,6860324,45.79400512,-87.41030767,nldi_snap,2026-08-24T02:02:18Z
NRS23_MI_10050,8990370,43.87770143,-85.75245893,nldi_snap,2026-08-24T02:02:18Z
NRS23_MI_10052,12942394,44.1648047,-83.71244649,nldi_snap,2026-08-24T02:02:19Z
NRS23_MI_10053,12242872,42.80012113,-84.80083172,nldi_snap,2026-08-24T02:02:19Z
NRS23_MI_10054,12231850,43.11970383,-84.85792074,nldi_snap,2026-08-24T02:02:19Z
NRS23_MI_10057,12255596,42.03416975,-85.33789895,nldi_snap,2026-08-24T02:02:19Z
NRS23_MI_10059,13055470,45.35916892,-84.95750433,nldi_snap,2026-08-24T02:02:19Z
NRS23_MI_10060,13184592,42.58754161,-83.00301547,nldi_snap,2026-08-24T02:02:19Z
NRS23_MI_10063,12117882,44.5809769,-85.09654944,nldi_snap,2026-08-24T02:02:19Z
NRS23_MI_10064,3468447,42.67539357,-86.20636464,nldi_snap,2026-08-24T02:02:20Z
NRS23_MI_10068,904080079,43.53693641,-83.88870867,nldi_snap,2026-08-24T02:02:20Z
NRS23_MI_10090,12942686,44.0730295,-83.70406611,nldi_snap,2026-08-24T02:02:20Z
NRS23_MI_10092,6841553,45.85037713,-87.78127894,nldi_snap,2026-08-24T02:02:20Z
NRS23_MI_10100,13058052,44.7921568,-85.46909426,nldi_snap,2026-08-24T02:02:20Z
NRS23_MI_10102,13166148,42.0065413,-83.43716587,nldi_snap,2026-08-24T02:02:20Z
NRS23_MI_10118,12926965,43.82122336,-83.00846803,nldi_snap,2026-08-24T02:02:20Z
NRS23_MI_10123,12255972,42.15464069,-85.59282329,nldi_snap,2026-08-24T02:02:20Z
NRS23_MI_10125,12017428,46.64614522,-85.392537,nldi_snap,2026-08-24T02:02:21Z
NRS23_MI_10130,12264422,41.82320307,-86.36320359,nldi_snap,2026-08-24T02:02:21Z
NRS23_MI_10131,12221800,46.20277094,-86.56455605,nldi_snap,2026-08-24T02:02:21Z
NRS23_MI_10132,13193262,43.29212635,-82.64298113,nldi_snap,2026-08-24T02:02:21Z
NRS23_MI_10136,8991344,43.7851429,-86.35509997,nldi_snap,2026-08-24T02:02:21Z
NRS23_MI_10138,11930906,46.89345308,-88.75148964,nldi_snap,2026-08-24T02:02:21Z
NRS23_MI_10139,12498764,45.44188878,-84.19129963,nldi_snap,2026-08-24T02:02:21Z
NRS23_MI_10153,13184064,42.73187593,-83.33140506,nldi_snap,2026-08-24T02:02:22Z
NRS23_MI_10156,12941978,44.35164322,-83.7109038,nldi_snap,2026-08-24T02:02:22Z
NRS23_MI_10168,12145046,42.61213938,-85.01254892,nldi_snap,2026-08-24T02:02:22Z
NRS23_MI_10169,13038898,43.60953537,-84.78192748,nldi_snap,2026-08-24T02:02:22Z
NRS23_MI_10170,12120264,44.489148,-85.38164886,nldi_snap,2026-08-24T02:02:22Z
NRS23_MI_10172,12120616,44.33107277,-85.84823948,nldi_snap,2026-08-24T02:02:22Z
NRS23_MI_10175,13175459,42.1829038,-83.4260693,nldi_snap,2026-08-24T02:02:22Z
NRS23_MI_10176,8990046,43.85910578,-85.85588202,nldi_snap,2026-08-24T02:02:22Z
NRS23_MI_10179,12262450,41.89988988,-85.65364895,nldi_snap,2026-08-24T02:02:23Z
NRS23_MI_10180,12129474,44.12671039,-84.91318596,nldi_snap,2026-08-24T02:02:23Z
NRS23_MI_10181,904020321,47.12259858,-88.59893015,nldi_snap,2026-08-24T02:02:23Z
NRS23_MN_10032,7087153,48.60374176,-95.34409882,nldi_snap,2026-08-24T02:02:23Z
NRS23_MN_10033,1758810,46.81945585,-92.10956439,nldi_snap,2026-08-24T02:02:23Z
NRS23_MN_10035,2263415,46.08382727,-92.7172758,nldi_snap,2026-08-24T02:02:23Z
NRS23_MN_10037,4123580,44.84938629,-95.27575723,nldi_snap,2026-08-24T02:02:23Z
NRS23_MN_10038,7111209,47.75991192,-91.31078373,nldi_snap,2026-08-24T02:02:23Z
NRS23_MN_10042,7171250,48.301019,-93.26815906,nldi_snap,2026-08-24T02:02:24Z
NRS23_MN_10043,6636028,46.25655224,-96.59263749,nldi_snap,2026-08-24T02:02:24Z
NRS23_MN_10044,7065914,48.21711722,-97.13180358,nldi_snap,2026-08-24T02:02:24Z
NRS23_MN_10046,4252580,45.25716272,-94.56695396,nldi_snap,2026-08-24T02:02:24Z
NRS23_MN_10047,6685307,47.07387761,-96.7518105,nldi_snap,2026-08-24T02:02:24Z
NRS23_MN_10048,7077522,48.55109073,-97.15510932,nldi_snap,2026-08-24T02:02:24Z
NRS23_MN_10050,4973589,45.64294379,-94.2041491,nldi_snap,2026-08-24T02:02:24Z
NRS23_MN_10051,4853355,46.65119653,-93.61216409,nldi_snap,2026-08-24T02:02:25Z
NRS23_MN_10052,25054849,48.65911993,-94.39888028,nldi_snap,2026-08-24T02:02:25Z
NRS23_MN_10053,2748444,43.95449139,-94.17613965,nldi_snap,2026-08-24T02:02:25Z
NRS23_MN_10054,2118464,44.14404489,-91.77061616,nldi_snap,2026-08-24T02:02:25Z
NRS23_MN_10055,22326529,47.25007934,-93.67714023,nldi_snap,2026-08-24T02:02:25Z
NRS23_MN_10056,1776446,46.93578795,-92.92411548,nldi_snap,2026-08-24T02:02:25Z
NRS23_MN_10057,4142116,44.38914523,-94.62634293,nldi_snap,2026-08-24T02:02:25Z
NRS23_MN_10058,2442272,44.29343616,-92.20846077,nldi_snap,2026-08-24T02:02:25Z
NRS23_MN_10059,6635892,46.05665161,-96.56005758,nldi_snap,2026-08-24T02:02:26Z
NRS23_MN_10060,7065930,48.05676519,-97.08515498,nldi_snap,2026-08-24T02:02:26Z
NRS23_MN_10098,2719859,45.593521,-93.74888724,nldi_snap,2026-08-24T02:02:26Z
NRS23_MN_10103,22322639,47.62502519,-94.76832537,nldi_snap,2026-08-24T02:02:26Z
NRS23_MN_10107,4798018,47.71893288,-90.548882,nldi_snap,2026-08-24T02:02:26Z
NRS23_MN_10114,2119634,44.1106342,-92.34899656,nldi_snap,2026-08-24T02:02:26Z
NRS23_MN_10115,4940373,47.08554708,-95.35174302,nldi_snap,2026-08-24T02:02:27Z
NRS23_MN_10128,22329459,47.23168782,-95.01018083,nldi_snap,2026-08-24T02:02:27Z
NRS23_MN_10129,7222676,43.78001084,-96.42836825,nldi_snap,2026-08-24T02:02:27Z
NRS23_MN_10132,4860221,45.92871556,-94.40504285,nldi_snap,2026-08-24T02:02:27Z
NRS23_MN_10133,4142754,44.17636919,-94.75067619,nldi_snap,2026-08-24T02:02:27Z
NRS23_MN_10168,2723163,45.29836622,-93.70233072,nldi_snap,2026-08-24T02:02:27Z
NRS23_MN_10169,9399036,47.51046589,-96.84632086,nldi_snap,2026-08-24T02:02:27Z
NRS23_MN_10170,7086331,48.91127021,-95.9924133,nldi_snap,2026-08-24T02:02:27Z
NRS23_MN_10171,6581320,43.87384767,-95.13539815,nldi_snap,2026-08-24T02:02:28Z
NRS23_MN_HP001,1777514,46.871676,-92.61440047,nldi_snap,2026-08-24T02:02:28Z
NRS23_MN_HP002,1791105,47.31549167,-91.78944352,nldi_snap,2026-08-24T02:02:28Z
NRS23_MN_HP003,4798208,47.6129,-90.9188,nldi_snap,2026-08-24T02:02:28Z
NRS23_MN_HP004,22193032,47.875493,-94.899927,nldi_snap,2026-08-24T02:02:28Z
NRS23_MN_HP005,4795032,47.9654,-89.6842,nldi_snap,2026-08-24T02:02:28Z
NRS23_MN_HP006,7171940,48.11639,-93.19605,nldi_snap,2026-08-24T02:02:28Z
NRS23_MO_10021,2502019,39.96460051,-94.95634451,nldi_snap,2026-08-24T02:02:29Z
NRS23_MO_10038,5078216,38.23698068,-91.47223316,nldi_snap,2026-08-24T02:02:29Z
NRS23_MO_10040,2997140,38.21817695,-94.56740981,nldi_snap,2026-08-24T02:02:29Z
NRS23_MO_10041,4867587,39.56633481,-91.33990176,nldi_snap,2026-08-24T02:02:29Z
NRS23_MO_10042,4637535,37.96105453,-90.58698755,nldi_snap,2026-08-24T02:02:29Z
NRS23_MO_10045,6013118,38.61752533,-91.21686322,nldi_snap,2026-08-24T02:02:29Z
NRS23_MO_10046,3665690,36.56530169,-90.18434108,nldi_snap,2026-08-24T02:02:29Z
NRS23_MO_10047,4390657,39.07289931,-94.31986873,nldi_snap,2026-08-24T02:02:29Z
NRS23_MO_10050,7469400,36.54295199,-89.40346753,nldi_snap,2026-08-24T02:02:30Z
NRS23_MO_10052,7626350,36.59682408,-93.29812373,nldi_snap,2026-08-24T02:02:30Z
NRS23_MO_10070,2509199,39.13120188,-91.12171831,nldi_snap,2026-08-24T02:02:30Z
NRS23_MO_10086,5040806,39.48079699,-91.99668332,nldi_snap,2026-08-24T02:02:30Z
NRS23_MO_10124,2983734,38.09312339,-93.7339451,nldi_snap,2026-08-24T02:02:30Z
NRS23_MO_10133,7372037,37.7016317,-93.79185952,nldi_snap,2026-08-24T02:02:30Z
NRS23_MO_10134,4390711,39.05563587,-94.34642572,nldi_snap,2026-08-24T02:02:30Z
NRS23_MO_10163,2529403,39.58527763,-94.59800005,nldi_snap,2026-08-24T02:02:31Z
NRS23_MO_10166,5089990,37.57156599,-89.52180695,nldi_snap,2026-08-24T02:02:31Z
NRS23_MO_10169,5051631,38.31576163,-90.92327035,nldi_snap,2026-08-24T02:02:31Z
NRS23_MO_10171,2330793,38.69461313,-94.16413337,nldi_snap,2026-08-24T02:02:31Z
NRS23_MO_10174,7470358,36.34103707,-89.60835875,nldi_snap,2026-08-24T02:02:31Z
NRS23_MO_10177,4998423,40.54112116,-91.62031121,nldi_snap,2026-08-24T02:02:31Z
NRS23_MO_10181,5039910,39.38627541,-91.83877242,nldi_snap,2026-08-24T02:02:31Z
NRS23_MO_10184,2984630,38.01674727,-93.71929949,nldi_snap,2026-08-24T02:02:31Z
NRS23_MO_10185,3629127,38.26476304,-90.37094655,nldi_snap,2026-08-24T02:02:32Z
NRS23_MO_10186,7671530,36.67131213,-90.30443296,nldi_snap,2026-08-24T02:02:32Z
NRS23_MO_10187,7501414,38.8820952,-93.60258059,nldi_snap,2026-08-24T02:02:32Z
NRS23_MO_10191,5166717,38.95701628,-92.54356146,nldi_snap,2026-08-24T02:02:32Z
NRS23_MO_10192,7626258,36.68923348,-93.00999639,nldi_snap,2026-08-24T02:02:32Z
NRS23_MO_10193,5017238,40.19994432,-91.8101565,nldi_snap,2026-08-24T02:02:32Z
NRS23_MO_10194,732863,37.38161794,-90.4690357,nldi_snap,2026-08-24T02:02:32Z
NRS23_MO_10200,7388781,37.98068219,-93.31184032,nldi_snap,2026-08-24T02:02:33Z
NRS23_MO_10201,880654,38.87915203,-90.5371694,nldi_snap,2026-08-24T02:02:33Z
NRS23_MO_10203,4388257,39.32684393,-93.2309343,nldi_snap,2026-08-24T02:02:33Z
NRS23_MO_10204,7590365,37.1622685,-94.58774835,nldi_snap,2026-08-24T02:02:33Z
NRS23_MO_10213,5983989,38.58524132,-91.95944357,nldi_snap,2026-08-24T02:02:33Z
NRS23_MO_10214,7651823,36.57959929,-92.28763003,nldi_snap,2026-08-24T02:02:33Z
NRS23_MO_10215,5816359,39.83887246,-92.68469432,nldi_snap,2026-08-24T02:02:33Z
NRS23_MO_10217,6010310,38.54762273,-90.96664747,nldi_snap,2026-08-24T02:02:33Z
NRS23_MO_10218,7670436,36.97802506,-90.60037988,nldi_snap,2026-08-24T02:02:34Z
NRS23_MO_10220,7398573,37.77721837,-92.87250356,nldi_snap,2026-08-24T02:02:34Z
NRS23_MO_10221,7445473,38.19906894,-91.90500598,nldi_snap,2026-08-24T02:02:34Z
NRS23_MO_10222,7470420,36.01085914,-89.70387715,nldi_snap,2026-08-24T02:02:34Z
NRS23_MO_HP001,5057165,37.7808,-91.0193,nldi_snap,2026-08-24T02:02:34Z
NRS23_MO_HP002,7517341,37.334444,-91.476111,nldi_snap,2026-08-24T02:02:34Z
NRS23_MO_HP003,7571117,36.792402,-91.331138,nldi_snap,2026-08-24T02:02:34Z
NRS23_MO_HP004,7522059,36.7094,-90.6967,nldi_snap,2026-08-24T02:02:34Z
NRS23_MS_10007,18156995,31.33869171,-89.32517627,nldi_snap,2026-08-24T02:02:35Z
NRS23_MS_10011,18013094,34.07579342,-89.26152816,nldi_snap,2026-08-24T02:02:35Z
NRS23_MS_10029,15737417,31.81511408,-90.14030261,nldi_snap,2026-08-24T02:02:35Z
NRS23_MS_10030,18182257,31.67003649,-88.68072226,nldi_snap,2026-08-24T02:02:35Z
NRS23_MS_10035,19108022,31.63640553,-90.9852456,nldi_snap,2026-08-24T02:02:35Z
NRS23_MS_10042,14223659,34.79116812,-88.64251337,nldi_snap,2026-08-24T02:02:35Z
NRS23_MS_10045,18108250,30.95234896,-89.07854187,nldi_snap,2026-08-24T02:02:35Z
NRS23_MS_10063,18983158,31.06481204,-90.98599653,nldi_snap,2026-08-24T02:02:36Z
NRS23_MS_10065,18150885,32.14756874,-89.42687288,nldi_snap,2026-08-24T02:02:36Z
NRS23_MS_10067,18681610,34.30988098,-88.72799838,nldi_snap,2026-08-24T02:02:36Z
NRS23_MS_10069,15738711,31.34626915,-89.8984483,nldi_snap,2026-08-24T02:02:36Z
NRS23_MS_10074,14224787,34.88039767,-88.49030791,nldi_snap,2026-08-24T02:02:36Z
NRS23_MS_10080,15289076,34.37789427,-89.83295153,nldi_snap,2026-08-24T02:02:36Z
NRS23_MS_10082,19112012,31.41497364,-91.23795925,nldi_snap,2026-08-24T02:02:36Z
NRS23_MS_10088,19137895,32.03806494,-90.46518706,nldi_snap,2026-08-24T02:02:36Z
NRS23_MS_10089,18179383,32.03974631,-88.56059273,nldi_snap,2026-08-24T02:02:37Z
NRS23_MS_10091,18106712,30.78285471,-88.93721885,nldi_snap,2026-08-24T02:02:37Z
NRS23_MS_10101,15788294,32.70707053,-89.54037328,nldi_snap,2026-08-24T02:02:37Z
NRS23_MS_10103,15787508,32.54320702,-89.36044141,nldi_snap,2026-08-24T02:02:37Z
NRS23_MS_10108,18005500,33.17550477,-90.4850564,nldi_snap,2026-08-24T02:02:37Z
NRS23_MS_10113,18698699,33.64352385,-88.49971583,nldi_snap,2026-08-24T02:02:37Z
NRS23_MS_10118,17948672,32.45750425,-90.85306492,nldi_snap,2026-08-24T02:02:37Z
NRS23_MS_10119,15787182,32.59385119,-89.47238439,nldi_snap,2026-08-24T02:02:38Z
NRS23_MS_10121,18698475,33.93992918,-88.53279954,nldi_snap,2026-08-24T02:02:38Z
NRS23_MS_10123,15702833,31.2205663,-89.84233447,nldi_snap,2026-08-24T02:02:38Z
NRS23_MS_10126,15758274,32.375923,-90.09721201,nldi_snap,2026-08-24T02:02:38Z
NRS23_MS_10131,18107212,30.78880823,-88.77215053,nldi_snap,2026-08-24T02:02:38Z
NRS23_MS_HP002,19110518,31.333597,-90.911446,nldi_snap,2026-08-24T02:02:38Z
NRS23_MT_10036,3057836,44.88269838,-111.2112025,nldi_snap,2026-08-24T02:02:38Z
NRS23_MT_10040,24344861,48.39602483,-114.2725614,nldi_snap,2026-08-24T02:02:38Z
NRS23_MT_10043,12494425,46.98062687,-110.8741892,nldi_snap,2026-08-24T02:02:39Z
NRS23_MT_10044,12516508,48.97646721,-105.7626003,nldi_snap,2026-08-24T02:02:39Z
NRS23_MT_10046,12380719,46.91341191,-109.7763667,nldi_snap,2026-08-24T02:02:39Z
NRS23_MT_10047,22957885,48.5488625,-113.8537362,nldi_snap,2026-08-24T02:02:39Z
NRS23_MT_10051,22951269,48.69017629,-114.5096412,nldi_snap,2026-08-24T02:02:39Z
NRS23_MT_10054,12539856,48.48768693,-112.6887956,nldi_snap,2026-08-24T02:02:39Z
NRS23_MT_10056,12620026,46.36296657,-109.5782163,nldi_snap,2026-08-24T02:02:39Z
NRS23_MT_10057,12617818,46.46235779,-110.3201996,nldi_snap,2026-08-24T02:02:40Z
NRS23_MT_10058,12397432,47.53769173,-111.6312261,nldi_snap,2026-08-24T02:02:40Z
NRS23_MT_10059,22937760,47.01805263,-114.3281941,nldi_snap,2026-08-24T02:02:40Z
NRS23_MT_10062,12493467,47.11653562,-110.9235647,nldi_snap,2026-08-24T02:02:40Z
NRS23_MT_10063,22913728,47.18294877,-113.5161441,nldi_snap,2026-08-24T02:02:40Z
NRS23_MT_10065,4223532,45.64327679,-113.6954992,nldi_snap,2026-08-24T02:02:40Z
NRS23_MT_10066,22977092,48.13602807,-115.8666446,nldi_snap,2026-08-24T02:02:40Z
NRS23_MT_10069,3029726,46.29538261,-111.5264262,nldi_snap,2026-08-24T02:02:40Z
NRS23_MT_10071,24338742,48.15279552,-114.180414,nldi_snap,2026-08-24T02:02:41Z
NRS23_MT_10072,12621640,46.28956478,-108.9248539,nldi_snap,2026-08-24T02:02:41Z
NRS23_MT_10109,22977072,48.12488072,-115.7303304,nldi_snap,2026-08-24T02:02:41Z
NRS23_MT_10112,4369158,45.17135958,-110.7419863,nldi_snap,2026-08-24T02:02:41Z
NRS23_MT_10113,22939376,47.14408944,-115.0802613,nldi_snap,2026-08-24T02:02:41Z
NRS23_MT_10116,3057908,44.87529572,-111.8425408,nldi_snap,2026-08-24T02:02:41Z
NRS23_MT_10126,22938654,47.44327652,-115.4474062,nldi_snap,2026-08-24T02:02:41Z
NRS23_MT_10129,22958431,48.56106726,-113.8584299,nldi_snap,2026-08-24T02:02:41Z
NRS23_MT_10135,12295412,48.01737456,-108.0189244,nldi_snap,2026-08-24T02:02:42Z
NRS23_MT_10156,22938298,47.13428143,-114.7165529,nldi_snap,2026-08-24T02:02:42Z
NRS23_MT_10159,3054534,45.36385758,-111.7066448,nldi_snap,2026-08-24T02:02:42Z
NRS23_MT_10162,22977124,48.23559783,-115.7490728,nldi_snap,2026-08-24T02:02:42Z
NRS23_MT_10165,24293272,46.6827549,-113.4513181,nldi_snap,2026-08-24T02:02:42Z
NRS23_MT_10169,7186876,45.09536891,-109.9308221,nldi_snap,2026-08-24T02:02:42Z
NRS23_MT_10199,4316104,45.63693822,-112.3158408,nldi_snap,2026-08-24T02:02:42Z
NRS23_MT_10201,22965328,47.89183053,-113.4862664,nldi_snap,2026-08-24T02:02:42Z
NRS23_MT_10203,24320176,45.91389544,-114.1481053,nldi_snap,2026-08-24T02:02:43Z
NRS23_MT_10205,22938062,46.87229595,-114.0983354,nldi_snap,2026-08-24T02:02:43Z
NRS23_MT_10206,3012139,48.04615108,-104.3450297,nldi_snap,2026-08-24T02:02:43Z
NRS23_MT_10207,4215766,45.075778,-112.5839091,nldi_snap,2026-08-24T02:02:43Z
NRS23_MT_10208,9305826,48.83447074,-113.4826451,nldi_snap,2026-08-24T02:02:43Z
NRS23_MT_10210,12325301,48.52761046,-107.4788607,nldi_snap,2026-08-24T02:02:43Z
NRS23_MT_10211,3850755,45.89181833,-111.3340233,nldi_snap,2026-08-24T02:02:43Z
NRS23_MT_10213,22976284,47.56564183,-115.4360803,nldi_snap,2026-08-24T02:02:44Z
NRS23_MT_10216,12735448,48.00097544,-110.2533768,nldi_snap,2026-08-24T02:02:44Z
NRS23_MT_10218,12307723,48.30635593,-106.7943501,nldi_snap,2026-08-24T02:02:44Z
NRS23_MT_10219,24293436,46.60212278,-112.9769147,nldi_snap,2026-08-24T02:02:44Z
NRS23_MT_10222,12323013,48.57736762,-109.0811889,nldi_snap,2026-08-24T02:02:44Z
NRS23_MT_HP001,3856355,45.05411258,-111.1568337,nldi_snap,2026-08-24T02:02:44Z
NRS23_MT_HP002,3056436,45.03189172,-111.6712352,nldi_snap,2026-08-24T02:02:44Z
NRS23_MT_HP003,12770005,45.56153,-107.4351,nldi_snap,2026-08-24T02:02:44Z
NRS23_NC_10014,22164806,35.20769592,-82.6700538,nldi_snap,2026-08-24T02:02:45Z
NRS23_NC_10019,8784011,35.76281524,-78.60318791,nldi_snap,2026-08-24T02:02:45Z
NRS23_NC_10021,166756384,34.0095023,-78.23175424,nldi_snap,2026-08-24T02:02:45Z
NRS23_NC_10022,10462211,36.26510486,-76.69043719,nldi_snap,2026-08-24T02:02:45Z
NRS23_NC_10023,8762495,35.91131541,-77.85466969,nldi_snap,2026-08-24T02:02:45Z
NRS23_NC_10026,8870368,35.69343207,-79.63581876,nldi_snap,2026-08-24T02:02:45Z
NRS23_NC_10328,8783733,35.8160197,-78.66247441,nldi_snap,2026-08-24T02:02:45Z
NRS23_NC_10329,22161650,35.74355566,-82.35879798,nldi_snap,2026-08-24T02:02:46Z
NRS23_NC_10344,9164038,35.03084667,-79.61904727,nldi_snap,2026-08-24T02:02:46Z
NRS23_NC_10357,19720773,35.47044139,-83.86888932,nldi_snap,2026-08-24T02:02:46Z
NRS23_NC_10361,8784851,35.64542362,-78.46587954,nldi_snap,2026-08-24T02:02:46Z
NRS23_NC_10364,9127234,34.56112203,-78.97024918,nldi_snap,2026-08-24T02:02:46Z
NRS23_NC_10367,9754218,35.72974743,-81.98061948,nldi_snap,2026-08-24T02:02:46Z
NRS23_NC_10369,10452212,35.95124265,-76.900584,nldi_snap,2026-08-24T02:02:46Z
NRS23_NC_HP001,8679041,36.41318284,-80.26479615,nldi_snap,2026-08-24T02:02:47Z
NRS23_ND_10022,21872481,47.7962073,-103.9906608,nldi_snap,2026-08-24T02:02:47Z
NRS23_ND_10023,14156606,48.70609353,-100.1012183,nldi_snap,2026-08-24T02:02:47Z
NRS23_ND_10026,14521957,47.22286488,-100.9842681,nldi_snap,2026-08-24T02:02:47Z
NRS23_ND_10027,16203958,46.41017083,-100.6710321,nldi_snap,2026-08-24T02:02:47Z
NRS23_ND_10030,14523625,46.79487867,-100.8202205,nldi_snap,2026-08-24T02:02:47Z
NRS23_ND_10035,14169841,48.68851422,-100.8051116,nldi_snap,2026-08-24T02:02:47Z
NRS23_ND_10063,14570952,46.47402616,-103.4309252,nldi_snap,2026-08-24T02:02:48Z
NRS23_ND_10068,21536974,47.98795466,-103.0905784,nldi_snap,2026-08-24T02:02:48Z
NRS23_ND_10069,14426516,48.5389415,-97.65492139,nldi_snap,2026-08-24T02:02:48Z
NRS23_ND_10075,11462580,46.82330661,-98.91143265,nldi_snap,2026-08-24T02:02:48Z
NRS23_ND_10076,16214116,46.3963825,-101.9085892,nldi_snap,2026-08-24T02:02:48Z
NRS23_ND_10080,14565636,47.17907537,-103.5481961,nldi_snap,2026-08-24T02:02:48Z
NRS23_ND_10087,14585987,48.29566109,-103.6357201,nldi_snap,2026-08-24T02:02:48Z
NRS23_ND_10088,14428726,48.41055258,-97.92830764,nldi_snap,2026-08-24T02:02:49Z
NRS23_ND_10110,14519691,47.25823875,-101.1892111,nldi_snap,2026-08-24T02:02:49Z
NRS23_ND_10111,16215020,46.22706237,-101.4984661,nldi_snap,2026-08-24T02:02:49Z
NRS23_ND_10114,16249785,47.32949199,-101.5169603,nldi_snap,2026-08-24T02:02:49Z
NRS23_ND_10116,14172573,48.10429798,-100.8297642,nldi_snap,2026-08-24T02:02:49Z
NRS23_ND_10117,14828897,46.45305928,-97.70670309,nldi_snap,2026-08-24T02:02:49Z
NRS23_ND_10118,14569918,46.66112186,-103.5036563,nldi_snap,2026-08-24T02:02:49Z
NRS23_ND_10119,14169691,48.57798174,-100.554337,nldi_snap,2026-08-24T02:02:49Z
NRS23_ND_10121,14415109,48.8967366,-98.00391666,nldi_snap,2026-08-24T02:02:50Z
NRS23_ND_10122,14572174,46.46044217,-103.8704248,nldi_snap,2026-08-24T02:02:50Z
NRS23_ND_10126,16223619,46.77589509,-101.1699018,nldi_snap,2026-08-24T02:02:50Z
NRS23_ND_10130,14568890,46.61985097,-103.6071695,nldi_snap,2026-08-24T02:02:50Z
NRS23_ND_10131,16224253,46.58840065,-101.3457924,nldi_snap,2026-08-24T02:02:50Z
NRS23_ND_10132,14049101,48.10541332,-101.0945212,nldi_snap,2026-08-24T02:02:50Z
NRS23_ND_10134,14566610,47.12471804,-103.5559887,nldi_snap,2026-08-24T02:02:50Z
NRS23_NE_10021,17255078,41.78511376,-96.4889062,nldi_snap,2026-08-24T02:02:51Z
NRS23_NE_10024,16053736,42.86877035,-101.8698116,nldi_snap,2026-08-24T02:02:51Z
NRS23_NE_10029,19152581,40.27007756,-96.1188964,nldi_snap,2026-08-24T02:02:51Z
NRS23_NE_10033,18799883,40.69073695,-97.07787197,nldi_snap,2026-08-24T02:02:51Z
NRS23_NE_10037,7312397,40.5277293,-95.72533273,nldi_snap,2026-08-24T02:02:51Z
NRS23_NE_10038,7311959,40.81304899,-95.93014605,nldi_snap,2026-08-24T02:02:51Z
NRS23_NE_10129,19160859,40.71924846,-96.40080601,nldi_snap,2026-08-24T02:02:52Z
NRS23_NE_10149,17412668,41.50110317,-96.93887082,nldi_snap,2026-08-24T02:02:52Z
NRS23_NE_10159,17398059,41.26005377,-96.79872512,nldi_snap,2026-08-24T02:02:52Z
NRS23_NE_10163,17219156,41.15097171,-95.99550416,nldi_snap,2026-08-24T02:02:52Z
NRS23_NE_10167,19037439,40.69077183,-99.478811,nldi_snap,2026-08-24T02:02:52Z
NRS23_NE_10174,18822054,40.26090568,-96.59151548,nldi_snap,2026-08-24T02:02:52Z
NRS23_NE_10175,18771180,40.23123731,-97.94240522,nldi_snap,2026-08-24T02:02:52Z
NRS23_NE_10176,19080617,40.36386946,-101.1089603,nldi_snap,2026-08-24T02:02:52Z
NRS23_NE_10186,2276031,40.03418859,-96.5218885,nldi_snap,2026-08-24T02:02:53Z
NRS23_NE_10199,17219468,41.2363007,-95.91071459,nldi_snap,2026-08-24T02:02:53Z
NRS23_NE_10208,3702534,40.11346883,-95.39271467,nldi_snap,2026-08-24T02:02:53Z
NRS23_NE_10214,11758022,42.87413785,-98.27839654,nldi_snap,2026-08-24T02:02:53Z
NRS23_NE_10219,17246388,41.85084702,-96.11178118,nldi_snap,2026-08-24T02:02:53Z
NRS23_NE_10224,11761734,42.76280563,-97.08486699,nldi_snap,2026-08-24T02:02:53Z
NRS23_NE_10226,18767362,40.37690435,-98.18474277,nldi_snap,2026-08-24T02:02:53Z
NRS23_NE_HP001,16100977,42.6977,-103.5673,nldi_snap,2026-08-24T02:02:53Z
NRS23_NE_HP002,5441900,42.767236,-103.927531,nldi_snap,2026-08-24T02:02:54Z
NRS23_NE_HP003,16031750,42.79092,-100.7449,nldi_snap,2026-08-24T02:02:54Z
NRS23_NH_10006,6744176,42.88384712,-71.67900691,nldi_snap,2026-08-24T02:02:54Z
NRS23_NH_10007,6776727,43.05867131,-72.31738841,nldi_snap,2026-08-24T02:02:54Z
NRS23_NH_10010,4592807,44.99610721,-71.35938801,nldi_snap,2026-08-24T02:02:54Z
NRS23_NH_10011,6730693,43.61120539,-71.86379685,nldi_snap,2026-08-24T02:02:54Z
NRS23_NH_10012,6731425,43.77683358,-71.67544037,nldi_snap,2026-08-24T02:02:54Z
NRS23_NH_10013,6764076,42.87777731,-71.94851366,nldi_snap,2026-08-24T02:02:55Z
NRS23_NH_10014,4594533,44.40883191,-71.49455855,nldi_snap,2026-08-24T02:02:55Z
NRS23_NH_10015,5844614,43.31505897,-70.91513326,nldi_snap,2026-08-24T02:02:55Z
NRS23_NH_10016,6731485,43.71582688,-71.65708055,nldi_snap,2026-08-24T02:02:55Z
NRS23_NH_10017,9327948,43.57118793,-72.37938947,nldi_snap,2026-08-24T02:02:55Z
NRS23_NH_10019,9316343,43.75613264,-71.12194737,nldi_snap,2026-08-24T02:02:55Z
NRS23_NH_10020,6760864,43.43076856,-71.86684848,nldi_snap,2026-08-24T02:02:55Z
NRS23_NH_10031,4594655,44.40393286,-71.68616966,nldi_snap,2026-08-24T02:02:55Z
NRS23_NH_10166,6740568,43.14684756,-71.48050821,nldi_snap,2026-08-24T02:02:56Z
NRS23_NH_10301,9332512,42.93808207,-72.52546342,nldi_snap,2026-08-24T02:02:56Z
NRS23_NH_HP001,9311627,44.1628,-71.0943,nldi_snap,2026-08-24T02:02:56Z
NRS23_NH_HP002,6729835,43.91905,-71.5372,nldi_snap,2026-08-24T02:02:56Z
NRS23_NJ_10011,9441201,40.14895816,-74.15759514,nldi_snap,2026-08-24T02:02:56Z
NRS23_NJ_10013,9454463,39.68819324,-74.25822439,nldi_snap,2026-08-24T02:02:56Z
NRS23_NJ_10014,9442163,40.10171234,-74.32970004,nldi_snap,2026-08-24T02:02:56Z
NRS23_NJ_10015,9514866,40.42414801,-74.6652798,nldi_snap,2026-08-24T02:02:56Z
NRS23_NJ_10019,9512792,40.73320835,-74.8307637,nldi_snap,2026-08-24T02:02:57Z
NRS23_NJ_10034,4481333,40.04672594,-74.72741176,nldi_snap,2026-08-24T02:02:57Z
NRS23_NJ_10035,6250710,40.83767706,-74.30033164,nldi_snap,2026-08-24T02:02:57Z
NRS23_NJ_10063,6245726,41.07751231,-74.19518962,nldi_snap,2026-08-24T02:02:57Z
NRS23_NJ_10065,4481733,40.19993095,-74.76126404,nldi_snap,2026-08-24T02:02:57Z
NRS23_NJ_10067,6250700,40.85384608,-74.32552327,nldi_snap,2026-08-24T02:02:57Z
NRS23_NJ_10069,2588471,40.6178677,-75.20120954,nldi_snap,2026-08-24T02:02:57Z
NRS23_NM_10020,3209893,32.02033704,-103.9908006,nldi_snap,2026-08-24T02:02:58Z
NRS23_NM_10253,17843990,36.60593075,-106.0838754,nldi_snap,2026-08-24T02:02:58Z
NRS23_NM_10263,20058084,36.68859014,-105.1459386,nldi_snap,2026-08-24T02:02:58Z
NRS23_NM_10269,17703811,32.58053872,-107.9225763,nldi_snap,2026-08-24T02:02:58Z
NRS23_NM_10271,17865094,36.04162876,-105.613868,nldi_snap,2026-08-24T02:02:58Z
NRS23_NM_10285,17810138,34.29567899,-106.8438098,nldi_snap,2026-08-24T02:02:58Z
NRS23_NM_10294,3076693,33.01960172,-108.544868,nldi_snap,2026-08-24T02:02:58Z
NRS23_NM_10295,17843692,36.73551691,-106.5772706,nldi_snap,2026-08-24T02:02:58Z
NRS23_NM_10297,17864670,36.23691882,-105.8429716,nldi_snap,2026-08-24T02:02:59Z
NRS23_NM_10299,22454997,32.67804487,-104.3017391,nldi_snap,2026-08-24T02:02:59Z
NRS23_NV_10016,10718542,39.54082707,-118.044166,nldi_snap,2026-08-24T02:02:59Z
NRS23_NV_10017,11125301,38.79294119,-116.8676136,nldi_snap,2026-08-24T02:02:59Z
NRS23_NV_10019,11847021,41.95400853,-118.3063461,nldi_snap,2026-08-24T02:02:59Z
NRS23_NV_10024,8931704,39.58777414,-119.4285049,nldi_snap,2026-08-24T02:02:59Z
NRS23_NV_10129,11175865,39.60402229,-117.1185248,nldi_snap,2026-08-24T02:02:59Z
NRS23_NV_10137,19858026,37.78071088,-118.2058596,nldi_snap,2026-08-24T02:03:00Z
NRS23_NV_10140,23287161,41.98607926,-115.2231373,nldi_snap,2026-08-24T02:03:00Z
NRS23_NV_10149,23287393,41.84692122,-115.6026982,nldi_snap,2026-08-24T02:03:00Z
NRS23_NV_10155,10742212,38.84115599,-119.4564398,nldi_snap,2026-08-24T02:03:00Z
NRS23_NV_10167,8932108,39.52314702,-119.8331897,nldi_snap,2026-08-24T02:03:00Z
NRS23_NV_10170,11432871,39.28717413,-119.2214736,nldi_snap,2026-08-24T02:03:00Z
NRS23_NV_10178,8924007,38.87221955,-119.6932785,nldi_snap,2026-08-24T02:03:01Z
NRS23_NV_10183,8914797,38.4284768,-119.0235095,nldi_snap,2026-08-24T02:03:01Z
NRS23_NV_10186,11432341,39.14667264,-119.707609,nldi_snap,2026-08-24T02:03:01Z
NRS23_NV_10187,8932036,39.51986026,-119.9680446,nldi_snap,2026-08-24T02:03:01Z
NRS23_NV_10190,10738195,38.84188598,-119.0810438,nldi_snap,2026-08-24T02:03:01Z
NRS23_NV_HP001,11281846,41.40884387,-118.9109046,nldi_snap,2026-08-24T02:03:01Z
NRS23_NY_10032,1748565,42.19702653,-74.73787081,nldi_snap,2026-08-24T02:03:01Z
NRS23_NY_10036,22024252,43.04537983,-75.95179713,nldi_snap,2026-08-24T02:03:01Z
NRS23_NY_10040,15511086,43.78092561,-74.78802622,nldi_snap,2026-08-24T02:03:02Z
NRS23_NY_10047,15559687,43.29614315,-78.3141305,nldi_snap,2026-08-24T02:03:02Z
NRS23_NY_10048,9420681,42.54609701,-75.51981714,nldi_snap,2026-08-24T02:03:02Z
NRS23_NY_10055,21975043,43.12697973,-76.28414812,nldi_snap,2026-08-24T02:03:02Z
NRS23_NY_10056,6202766,41.28589871,-74.4735668,nldi_snap,2026-08-24T02:03:02Z
NRS23_NY_10059,22743861,43.12796356,-75.25759319,nldi_snap,2026-08-24T02:03:02Z
NRS23_NY_10060,8103057,42.02524412,-76.36216986,nldi_snap,2026-08-24T02:03:03Z
NRS23_NY_10063,15567727,43.00605796,-78.21957137,nldi_snap,2026-08-24T02:03:03Z
NRS23_NY_10064,8087683,42.34752742,-75.16645524,nldi_snap,2026-08-24T02:03:03Z
NRS23_NY_10065,22745865,42.92087273,-74.16797431,nldi_snap,2026-08-24T02:03:03Z
NRS23_NY_10067,8110981,42.02870985,-77.13170536,nldi_snap,2026-08-24T02:03:03Z
NRS23_NY_10070,15514656,43.95578409,-75.57955822,nldi_snap,2026-08-24T02:03:03Z
NRS23_NY_10131,3247492,42.13283767,-74.11280299,nldi_snap,2026-08-24T02:03:03Z
NRS23_NY_10133,9420247,42.68974591,-75.5202911,nldi_snap,2026-08-24T02:03:03Z
NRS23_NY_10136,22024600,43.23539489,-75.66379335,nldi_snap,2026-08-24T02:03:04Z
NRS23_NY_10137,3246404,42.61083173,-74.47545952,nldi_snap,2026-08-24T02:03:04Z
NRS23_NY_10138,8969800,41.99795684,-78.86466329,nldi_snap,2026-08-24T02:03:04Z
NRS23_NY_10139,22303353,44.03985702,-74.02083022,nldi_snap,2026-08-24T02:03:04Z
NRS23_NY_10153,9527927,44.45151708,-73.4414591,nldi_snap,2026-08-24T02:03:04Z
NRS23_NY_10155,15455410,44.70326562,-74.45268081,nldi_snap,2026-08-24T02:03:04Z
NRS23_NY_10173,6200114,41.59299949,-74.31027488,nldi_snap,2026-08-24T02:03:05Z
NRS23_NY_10174,22741015,43.39070654,-74.65310042,nldi_snap,2026-08-24T02:03:05Z
NRS23_NY_10178,8969260,42.10170211,-78.50283538,nldi_snap,2026-08-24T02:03:05Z
NRS23_NY_10180,9528317,44.25252693,-73.72209494,nldi_snap,2026-08-24T02:03:05Z
NRS23_NY_10182,15547961,42.51561744,-77.79300099,nldi_snap,2026-08-24T02:03:05Z
NRS23_NY_10183,8087331,42.16406566,-75.66604189,nldi_snap,2026-08-24T02:03:05Z
NRS23_NY_10186,21633805,43.25551611,-77.33181198,nldi_snap,2026-08-24T02:03:05Z
NRS23_NY_10188,22025762,43.05640916,-75.99212304,nldi_snap,2026-08-24T02:03:06Z
NRS23_NY_10192,15575725,42.67392784,-78.64920954,nldi_snap,2026-08-24T02:03:06Z
NRS23_NY_10193,22740627,43.05048475,-74.36237249,nldi_snap,2026-08-24T02:03:06Z
NRS23_NY_10215,21975435,43.11848832,-76.43870828,nldi_snap,2026-08-24T02:03:06Z
NRS23_NY_10216,4150144,41.47215098,-74.58001384,nldi_snap,2026-08-24T02:03:06Z
NRS23_NY_10217,25516412,44.42257724,-75.117606,nldi_snap,2026-08-24T02:03:06Z
NRS23_NY_10218,21622401,43.52229209,-75.77771654,nldi_snap,2026-08-24T02:03:06Z
NRS23_NY_10220,9423281,42.34731606,-75.69750504,nldi_snap,2026-08-24T02:03:06Z
NRS23_NY_10232,1749281,42.02130258,-75.12609475,nldi_snap,2026-08-24T02:03:07Z
NRS23_NY_10235,22023536,43.17236733,-75.99118032,nldi_snap,2026-08-24T02:03:07Z
NRS23_NY_10236,6186200,42.69117185,-73.70933142,nldi_snap,2026-08-24T02:03:07Z
NRS23_NY_10243,8969946,42.07152817,-78.45256371,nldi_snap,2026-08-24T02:03:07Z
NRS23_NY_10244,6200494,41.5900468,-74.18724318,nldi_snap,2026-08-24T02:03:07Z
NRS23_NY_10245,15468115,44.23703898,-74.38697098,nldi_snap,2026-08-24T02:03:07Z
NRS23_NY_10248,2613578,42.15434629,-75.1452425,nldi_snap,2026-08-24T02:03:07Z
NRS23_NY_10250,15514914,43.79236029,-75.44545042,nldi_snap,2026-08-24T02:03:08Z
NRS23_NY_10252,22744329,42.81403774,-73.73985868,nldi_snap,2026-08-24T02:03:08Z
NRS23_NY_10253,932020139,43.27176225,-73.60130448,nldi_snap,2026-08-24T02:03:08Z
NRS23_NY_10254,9528411,44.44944127,-73.65221361,nldi_snap,2026-08-24T02:03:08Z
NRS23_NY_10263,21976309,43.05444059,-77.06463733,nldi_snap,2026-08-24T02:03:08Z
NRS23_OH_10017,3982794,40.38014952,-84.47810697,nldi_snap,2026-08-24T02:03:08Z
NRS23_OH_10018,3936474,38.98380706,-84.11468052,nldi_snap,2026-08-24T02:03:09Z
NRS23_OH_10020,15644206,41.08464704,-83.68535566,nldi_snap,2026-08-24T02:03:09Z
NRS23_OH_10021,5211301,40.72419637,-83.03993269,nldi_snap,2026-08-24T02:03:09Z
NRS23_OH_10022,3822875,40.39424052,-80.84175178,nldi_snap,2026-08-24T02:03:09Z
NRS23_OH_10025,19442987,38.93056218,-81.90000763,nldi_snap,2026-08-24T02:03:09Z
NRS23_OH_10027,5218203,39.80031068,-83.00953319,nldi_snap,2026-08-24T02:03:09Z
NRS23_OH_10028,15370922,40.21332329,-81.71180158,nldi_snap,2026-08-24T02:03:09Z
NRS23_OH_10029,15372842,39.96751768,-81.53107878,nldi_snap,2026-08-24T02:03:09Z
NRS23_OH_10030,15626957,41.3599546,-83.51047376,nldi_snap,2026-08-24T02:03:10Z
NRS23_OH_10031,5217591,39.96318361,-83.24540045,nldi_snap,2026-08-24T02:03:10Z
NRS23_OH_10033,15379425,40.14496108,-81.92897565,nldi_snap,2026-08-24T02:03:10Z
NRS23_OH_10034,15644414,41.01000056,-83.96862458,nldi_snap,2026-08-24T02:03:10Z
NRS23_OH_10035,3990680,40.14758865,-84.22792133,nldi_snap,2026-08-24T02:03:10Z
NRS23_OH_10041,5217979,39.74173647,-83.15845373,nldi_snap,2026-08-24T02:03:10Z
NRS23_OH_10042,15381199,39.80595621,-81.95792461,nldi_snap,2026-08-24T02:03:10Z
NRS23_OH_10066,5210547,40.69408365,-82.96236785,nldi_snap,2026-08-24T02:03:11Z
NRS23_OH_10067,19389632,40.8080066,-81.50528224,nldi_snap,2026-08-24T02:03:11Z
NRS23_OH_10086,465516,38.65945153,-82.86120419,nldi_snap,2026-08-24T02:03:11Z
NRS23_OH_10087,1921992,38.68509109,-83.57208845,nldi_snap,2026-08-24T02:03:11Z
NRS23_OH_10088,3936084,39.14044253,-84.36081307,nldi_snap,2026-08-24T02:03:11Z
NRS23_OH_10089,15398382,40.69811682,-81.98644985,nldi_snap,2026-08-24T02:03:11Z
NRS23_OH_10090,19440509,39.02404724,-81.76939625,nldi_snap,2026-08-24T02:03:11Z
NRS23_OK_10039,418111,35.21100815,-96.64193169,nldi_snap,2026-08-24T02:03:11Z
NRS23_OK_10041,6068852,34.1818601,-96.09062676,nldi_snap,2026-08-24T02:03:12Z
NRS23_OK_10043,847450,36.20346035,-95.75767881,nldi_snap,2026-08-24T02:03:12Z
NRS23_OK_10046,6041576,35.15080465,-94.60182943,nldi_snap,2026-08-24T02:03:12Z
NRS23_OK_10047,381802,35.59007046,-95.2260003,nldi_snap,2026-08-24T02:03:12Z
NRS23_OK_10048,682635,35.09119992,-98.17379777,nldi_snap,2026-08-24T02:03:12Z
NRS23_OK_10049,597232,34.23890349,-95.48867701,nldi_snap,2026-08-24T02:03:12Z
NRS23_OK_10052,5265202,35.90765261,-99.05830442,nldi_snap,2026-08-24T02:03:12Z
NRS23_OK_10053,8352423,33.89737083,-95.26453171,nldi_snap,2026-08-24T02:03:13Z
NRS23_OK_10054,417907,35.37541008,-96.36689863,nldi_snap,2026-08-24T02:03:13Z
NRS23_OK_10056,13853169,36.82698776,-100.5938379,nldi_snap,2026-08-24T02:03:13Z
NRS23_OK_10058,6030696,34.90261928,-96.75972915,nldi_snap,2026-08-24T02:03:13Z
NRS23_OK_10098,512315,35.40126375,-95.10453625,nldi_snap,2026-08-24T02:03:13Z
NRS23_OK_10104,5266042,35.81260597,-98.677249,nldi_snap,2026-08-24T02:03:13Z
NRS23_OK_10105,708080,34.31836959,-96.03344369,nldi_snap,2026-08-24T02:03:13Z
NRS23_OK_10107,21038023,36.79059401,-96.9490237,nldi_snap,2026-08-24T02:03:13Z
NRS23_OK_10112,418283,35.41726366,-96.24510493,nldi_snap,2026-08-24T02:03:14Z
NRS23_OK_10113,536823,35.68039517,-96.02123912,nldi_snap,2026-08-24T02:03:14Z
NRS23_OK_10123,629919,34.13599962,-94.64091847,nldi_snap,2026-08-24T02:03:14Z
NRS23_OK_10133,21001775,36.72773147,-97.78971405,nldi_snap,2026-08-24T02:03:14Z
NRS23_OK_10134,533427,35.5279499,-97.50643286,nldi_snap,2026-08-24T02:03:14Z
NRS23_OK_10138,616332,34.44302803,-94.95040031,nldi_snap,2026-08-24T02:03:14Z
NRS23_OK_10140,13748628,34.92659514,-99.49723393,nldi_snap,2026-08-24T02:03:14Z
NRS23_OK_10160,8350583,33.75277848,-96.2102187,nldi_snap,2026-08-24T02:03:15Z
NRS23_OK_10162,20988181,36.66057081,-97.24625847,nldi_snap,2026-08-24T02:03:15Z
NRS23_OK_10164,592204,34.34015198,-95.47600981,nldi_snap,2026-08-24T02:03:15Z
NRS23_OK_10165,494500,36.0124576,-96.82430579,nldi_snap,2026-08-24T02:03:15Z
NRS23_OK_10176,617190,34.39679419,-95.16743224,nldi_snap,2026-08-24T02:03:15Z
NRS23_OK_10178,20972522,36.30808393,-96.99211683,nldi_snap,2026-08-24T02:03:15Z
NRS23_OK_10181,369135,36.14621729,-96.17218056,nldi_snap,2026-08-24T02:03:15Z
NRS23_OR_10026,23753860,43.42977728,-122.3778462,nldi_snap,2026-08-24T02:03:16Z
NRS23_OR_10029,23950135,42.21431182,-124.2892829,nldi_snap,2026-08-24T02:03:16Z
NRS23_OR_10035,23881720,44.76594611,-123.7593222,nldi_snap,2026-08-24T02:03:16Z
NRS23_OR_10041,23876015,45.48230989,-123.7337272,nldi_snap,2026-08-24T02:03:16Z
NRS23_OR_10045,23763337,44.29311443,-123.1919739,nldi_snap,2026-08-24T02:03:16Z
NRS23_OR_10046,24526836,43.47654967,-123.4841514,nldi_snap,2026-08-24T02:03:16Z
NRS23_OR_10049,23762929,44.5993651,-123.561637,nldi_snap,2026-08-24T02:03:16Z
NRS23_OR_10050,23920534,42.70517706,-124.3279801,nldi_snap,2026-08-24T02:03:16Z
NRS23_OR_10051,24504792,45.7097212,-120.7116733,nldi_snap,2026-08-24T02:03:17Z
NRS23_OR_10101,23429288,45.0067285,-118.4405088,nldi_snap,2026-08-24T02:03:17Z
NRS23_OR_10110,23915743,43.06315778,-123.9907848,nldi_snap,2026-08-24T02:03:17Z
NRS23_OR_10120,23886168,44.20357436,-123.9983261,nldi_snap,2026-08-24T02:03:17Z
NRS23_OR_10127,23763965,44.63647968,-123.4315109,nldi_snap,2026-08-24T02:03:17Z
NRS23_OR_10130,23871937,45.74133154,-123.4526758,nldi_snap,2026-08-24T02:03:17Z
NRS23_OR_10131,23780945,44.7283077,-122.2710925,nldi_snap,2026-08-24T02:03:17Z
NRS23_OR_10132,23753708,43.60435716,-122.3740479,nldi_snap,2026-08-24T02:03:18Z
NRS23_OR_10135,23872869,45.67514785,-123.7079419,nldi_snap,2026-08-24T02:03:18Z
NRS23_OR_10145,23945271,42.10642444,-123.5247057,nldi_snap,2026-08-24T02:03:18Z
NRS23_OR_10146,23640564,45.82816366,-118.0754795,nldi_snap,2026-08-24T02:03:18Z
NRS23_OR_10154,23773255,44.0917957,-122.0204343,nldi_snap,2026-08-24T02:03:18Z
NRS23_OR_10155,23875889,45.46433567,-123.4722494,nldi_snap,2026-08-24T02:03:18Z
NRS23_OR_10157,24013483,43.22732875,-118.8642185,nldi_snap,2026-08-24T02:03:18Z
NRS23_OR_10158,23872287,45.80208338,-123.8026456,nldi_snap,2026-08-24T02:03:19Z
NRS23_OR_10161,23780621,44.64080417,-121.9463922,nldi_snap,2026-08-24T02:03:19Z
NRS23_OR_10163,23900931,43.17087718,-123.3845058,nldi_snap,2026-08-24T02:03:19Z
NRS23_OR_10164,23648286,45.50577682,-118.733833,nldi_snap,2026-08-24T02:03:19Z
NRS23_OR_10168,23670977,44.98460112,-118.7832351,nldi_snap,2026-08-24T02:03:19Z
NRS23_OR_10169,24007020,43.6334531,-119.0758055,nldi_snap,2026-08-24T02:03:19Z
NRS23_OR_10170,23785829,44.39873279,-122.3944316,nldi_snap,2026-08-24T02:03:19Z
NRS23_OR_10171,23809080,45.30570977,-122.3653011,nldi_snap,2026-08-24T02:03:20Z
NRS23_OR_10174,23889676,43.9604506,-123.5552708,nldi_snap,2026-08-24T02:03:20Z
NRS23_OR_10181,23762847,44.64077082,-123.119453,nldi_snap,2026-08-24T02:03:20Z
NRS23_OR_10183,23940629,42.48083694,-123.4973417,nldi_snap,2026-08-24T02:03:20Z
NRS23_OR_10186,23875713,45.28048089,-123.5445026,nldi_snap,2026-08-24T02:03:20Z
NRS23_OR_HP001,23737725,45.21177266,-121.8471446,nldi_snap,2026-08-24T02:03:20Z
NRS23_OR_HP003,23670969,44.97613893,-118.7487711,nldi_snap,2026-08-24T02:03:20Z
NRS23_PA_10018,14362478,39.87467031,-78.81355116,nldi_snap,2026-08-24T02:03:20Z
NRS23_PA_10019,19452511,40.06118896,-80.37690134,nldi_snap,2026-08-24T02:03:21Z
NRS23_PA_10020,8125565,41.5454426,-78.30006361,nldi_snap,2026-08-24T02:03:21Z
NRS23_PA_10023,10220876,41.42443957,-79.55319188,nldi_snap,2026-08-24T02:03:21Z
NRS23_PA_10024,3822965,40.37939378,-80.43541045,nldi_snap,2026-08-24T02:03:21Z
NRS23_PA_10025,2602851,41.02049097,-76.50533043,nldi_snap,2026-08-24T02:03:21Z
NRS23_PA_10026,4150728,41.32207345,-74.96832544,nldi_snap,2026-08-24T02:03:21Z
NRS23_PA_10027,9050523,41.56385811,-79.77519351,nldi_snap,2026-08-24T02:03:21Z
NRS23_PA_10028,4672525,41.0247656,-78.38790759,nldi_snap,2026-08-24T02:03:22Z
NRS23_PA_10029,4726367,39.90137157,-76.37201794,nldi_snap,2026-08-24T02:03:22Z
NRS23_PA_10030,4674991,40.88544605,-78.74653572,nldi_snap,2026-08-24T02:03:22Z
NRS23_PA_10031,2588347,40.88543307,-75.0654754,nldi_snap,2026-08-24T02:03:22Z
NRS23_PA_10032,6874117,41.52660316,-78.63008289,nldi_snap,2026-08-24T02:03:22Z
NRS23_PA_10035,4200482,41.46506134,-75.89544317,nldi_snap,2026-08-24T02:03:22Z
NRS23_PA_10036,8975690,41.84401451,-79.15707309,nldi_snap,2026-08-24T02:03:22Z
NRS23_PA_10037,4521250,40.42086834,-76.98280714,nldi_snap,2026-08-24T02:03:22Z
NRS23_PA_10038,11050708,40.49174987,-79.9315107,nldi_snap,2026-08-24T02:03:23Z
NRS23_PA_10048,4707872,40.51674478,-76.40616954,nldi_snap,2026-08-24T02:03:23Z
NRS23_PA_10053,6875903,41.40869355,-79.14019974,nldi_snap,2026-08-24T02:03:23Z
NRS23_PA_10073,10924181,41.06105274,-80.16034937,nldi_snap,2026-08-24T02:03:23Z
NRS23_PA_10098,8119717,41.93759993,-76.5202751,nldi_snap,2026-08-24T02:03:23Z
NRS23_PA_10100,14363450,39.74381868,-78.74282142,nldi_snap,2026-08-24T02:03:23Z
NRS23_PA_HP001,8125623,41.53769597,-78.14748044,nldi_snap,2026-08-24T02:03:23Z
NRS23_RI_10007,6139990,41.60106674,-71.56306062,nldi_snap,2026-08-24T02:03:24Z
NRS23_RI_10010,6128613,41.83888007,-71.47743883,nldi_snap,2026-08-24T02:03:24Z
NRS23_RI_10011,6128421,41.87348139,-71.34089392,nldi_snap,2026-08-24T02:03:24Z
NRS23_RI_10018,6130441,41.68255279,-71.52704327,nldi_snap,2026-08-24T02:03:24Z
NRS23_RI_10041,6141030,41.48244245,-71.75114191,nldi_snap,2026-08-24T02:03:24Z
NRS23_RI_10043,6128547,41.86585702,-71.74226911,nldi_snap,2026-08-24T02:03:24Z
NRS23_RI_10056,6128547,41.84661398,-71.74516859,nldi_snap,2026-08-24T02:03:24Z
NRS23_RI_10072,6141076,41.45132735,-71.61339162,nldi_snap,2026-08-24T02:03:25Z
NRS23_RI_10075,6141032,41.49282603,-71.71533498,nldi_snap,2026-08-24T02:03:25Z
NRS23_RI_10080,6117290,42.00171957,-71.49784318,nldi_snap,2026-08-24T02:03:25Z
NRS23_RI_10088,6141070,41.45703627,-71.71188563,nldi_snap,2026-08-24T02:03:25Z
NRS23_RI_10094,6119412,41.999117,-71.51408835,nldi_snap,2026-08-24T02:03:25Z
NRS23_RI_10098,6141038,41.47790053,-71.7135359,nldi_snap,2026-08-24T02:03:25Z
NRS23_RI_10101,6140070,41.52860211,-71.6917403,nldi_snap,2026-08-24T02:03:25Z
NRS23_RI_10105,6119430,41.98657234,-71.49109835,nldi_snap,2026-08-24T02:03:25Z
NRS23_SC_10013,11749731,34.67142621,-82.70033437,nldi_snap,2026-08-24T02:03:26Z
NRS23_SC_10042,9146726,34.63958286,-80.56808542,nldi_snap,2026-08-24T02:03:26Z
NRS23_SC_10043,9867894,34.56703524,-82.29499791,nldi_snap,2026-08-24T02:03:26Z
NRS23_SC_10045,9706034,34.25288023,-80.99612624,nldi_snap,2026-08-24T02:03:26Z
NRS23_SC_10047,11749129,34.78649417,-82.9904353,nldi_snap,2026-08-24T02:03:26Z
NRS23_SC_10055,9717517,34.46633889,-80.94257057,nldi_snap,2026-08-24T02:03:26Z
NRS23_SC_10056,9869718,34.24980099,-81.63640215,nldi_snap,2026-08-24T02:03:26Z
NRS23_SC_10066,9633261,32.89250828,-80.10096976,nldi_snap,2026-08-24T02:03:27Z
NRS23_SC_10068,9147152,34.59090154,-80.38323925,nldi_snap,2026-08-24T02:03:27Z
NRS23_SC_10069,9643573,33.04043895,-79.92559967,nldi_snap,2026-08-24T02:03:27Z
NRS23_SC_10074,9871296,34.37717309,-82.20128374,nldi_snap,2026-08-24T02:03:27Z
NRS23_SC_10077,20104047,32.71258734,-81.41994921,nldi_snap,2026-08-24T02:03:27Z
NRS23_SC_10078,9870522,34.44124346,-82.12353157,nldi_snap,2026-08-24T02:03:27Z
NRS23_SC_10079,20151025,32.68248623,-80.78737374,nldi_snap,2026-08-24T02:03:27Z
NRS23_SC_10083,9614637,33.18014335,-80.80577361,nldi_snap,2026-08-24T02:03:27Z
NRS23_SD_10045,11549378,43.17770925,-99.03841065,nldi_snap,2026-08-24T02:03:28Z
NRS23_SD_10047,9376410,44.22184471,-96.80854048,nldi_snap,2026-08-24T02:03:28Z
NRS23_SD_10049,21834041,45.65611529,-100.8347587,nldi_snap,2026-08-24T02:03:28Z
NRS23_SD_10050,12668724,43.33195882,-97.62073014,nldi_snap,2026-08-24T02:03:28Z
NRS23_SD_10051,12666952,43.72528304,-97.96520718,nldi_snap,2026-08-24T02:03:28Z
NRS23_SD_10054,12669032,43.14531597,-97.58186055,nldi_snap,2026-08-24T02:03:28Z
NRS23_SD_10058,11513181,43.69283207,-100.0027224,nldi_snap,2026-08-24T02:03:28Z
NRS23_SD_10374,5458158,44.33265695,-103.7190825,nldi_snap,2026-08-24T02:03:29Z
NRS23_SD_10378,21829197,45.56261985,-102.0040038,nldi_snap,2026-08-24T02:03:29Z
NRS23_SD_10386,5451608,44.93751364,-103.4983564,nldi_snap,2026-08-24T02:03:29Z
NRS23_SD_10404,7226590,42.83452379,-96.72677799,nldi_snap,2026-08-24T02:03:29Z
NRS23_SD_10407,16173962,45.08406635,-103.5262536,nldi_snap,2026-08-24T02:03:29Z
NRS23_SD_10409,7223112,43.6756707,-96.5769636,nldi_snap,2026-08-24T02:03:29Z
NRS23_SD_10420,12699730,44.25509697,-98.07686523,nldi_snap,2026-08-24T02:03:29Z
NRS23_SD_10421,12556896,45.03982916,-98.78084373,nldi_snap,2026-08-24T02:03:29Z
NRS23_SD_10423,16160164,45.13689036,-102.8045898,nldi_snap,2026-08-24T02:03:30Z
NRS23_SD_10428,11530721,43.93862368,-99.78473993,nldi_snap,2026-08-24T02:03:30Z
NRS23_SD_10429,12556550,45.49916685,-98.71608522,nldi_snap,2026-08-24T02:03:30Z
NRS23_SD_10432,16015118,43.49041788,-97.15194729,nldi_snap,2026-08-24T02:03:30Z
NRS23_SD_10433,4073636,45.58720938,-96.855869,nldi_snap,2026-08-24T02:03:30Z
NRS23_SD_10440,12696132,44.54695633,-98.17869318,nldi_snap,2026-08-24T02:03:30Z
NRS23_SD_10441,11756810,43.05531402,-98.54660501,nldi_snap,2026-08-24T02:03:30Z
NRS23_SD_10443,5460208,44.35394957,-102.8879213,nldi_snap,2026-08-24T02:03:31Z
NRS23_SD_10445,16016252,42.98651822,-96.94105396,nldi_snap,2026-08-24T02:03:31Z
NRS23_SD_10446,12667082,43.63246718,-97.87514905,nldi_snap,2026-08-24T02:03:31Z
NRS23_SD_10450,11543302,44.33630938,-100.289158,nldi_snap,2026-08-24T02:03:31Z
NRS23_SD_10456,11473802,45.89117389,-98.17064774,nldi_snap,2026-08-24T02:03:31Z
NRS23_SD_10457,7223760,43.51499883,-96.70356362,nldi_snap,2026-08-24T02:03:31Z
NRS23_SD_10597,21831225,45.77103437,-101.0858272,nldi_snap,2026-08-24T02:03:31Z
NRS23_SD_10602,9376132,44.31470205,-96.8087087,nldi_snap,2026-08-24T02:03:31Z
NRS23_SD_10605,5454566,44.62337076,-103.4672085,nldi_snap,2026-08-24T02:03:32Z
NRS23_SD_10635,14552713,44.19677188,-103.6625644,nldi_snap,2026-08-24T02:03:32Z
NRS23_SD_10640,14396158,43.86670251,-103.6473626,nldi_snap,2026-08-24T02:03:32Z
NRS23_SD_10661,5457948,44.38119553,-103.7226668,nldi_snap,2026-08-24T02:03:32Z
NRS23_TN_10020,19695593,35.15950364,-85.43515469,nldi_snap,2026-08-24T02:03:32Z
NRS23_TN_10021,22161840,35.92156776,-82.97668647,nldi_snap,2026-08-24T02:03:32Z
NRS23_TN_10024,14078142,35.30847147,-88.99226779,nldi_snap,2026-08-24T02:03:32Z
NRS23_TN_10036,19518858,35.4576603,-87.26443628,nldi_snap,2026-08-24T02:03:32Z
NRS23_TN_10051,19577671,35.04744068,-87.66447106,nldi_snap,2026-08-24T02:03:33Z
NRS23_TN_10052,22130809,35.64222725,-83.60995851,nldi_snap,2026-08-24T02:03:33Z
NRS23_TN_10053,14240258,35.82325682,-89.42973352,nldi_snap,2026-08-24T02:03:33Z
NRS23_TN_10066,19695869,35.06025785,-85.16220784,nldi_snap,2026-08-24T02:03:33Z
NRS23_TN_10068,22540132,36.55840297,-83.38212116,nldi_snap,2026-08-24T02:03:33Z
NRS23_TN_10069,18402337,35.9867288,-86.42631924,nldi_snap,2026-08-24T02:03:33Z
NRS23_TN_10070,19532014,35.53853097,-86.56366985,nldi_snap,2026-08-24T02:03:33Z
NRS23_TN_10071,14065391,35.21694149,-90.0559601,nldi_snap,2026-08-24T02:03:34Z
NRS23_TN_10073,18392880,36.08538823,-87.07747281,nldi_snap,2026-08-24T02:03:34Z
NRS23_TN_10079,14242912,35.44013977,-88.60652668,nldi_snap,2026-08-24T02:03:34Z
NRS23_TN_10080,19487188,36.17359851,-82.53987681,nldi_snap,2026-08-24T02:03:34Z
NRS23_TN_10085,11884778,36.39908652,-87.6562316,nldi_snap,2026-08-24T02:03:34Z
NRS23_TN_10111,22142080,36.02681635,-83.53775758,nldi_snap,2026-08-24T02:03:34Z
NRS23_TN_10120,19642836,35.21803487,-85.85371302,nldi_snap,2026-08-24T02:03:34Z
NRS23_TN_10142,18423731,35.66981343,-85.40810909,nldi_snap,2026-08-24T02:03:35Z
NRS23_TN_HP001,14642263,36.34361,-83.89166,nldi_snap,2026-08-24T02:03:35Z
NRS23_TX_10036,1566072,29.42283602,-95.12427567,nldi_snap,2026-08-24T02:03:35Z
NRS23_TX_10038,1446504,32.34842198,-96.97171619,nldi_snap,2026-08-24T02:03:35Z
NRS23_TX_10042,1306793,32.98210817,-97.66505015,nldi_snap,2026-08-24T02:03:35Z
NRS23_TX_10045,8330694,30.77837294,-93.9356688,nldi_snap,2026-08-24T02:03:35Z
NRS23_TX_10047,9545379,33.47381053,-94.22395632,nldi_snap,2026-08-24T02:03:35Z
NRS23_TX_10050,1300436,32.3193617,-96.0480661,nldi_snap,2026-08-24T02:03:35Z
NRS23_TX_10051,5740786,32.01056805,-99.64946342,nldi_snap,2026-08-24T02:03:36Z
NRS23_TX_10053,19971236,35.95040771,-100.9218845,nldi_snap,2026-08-24T02:03:36Z
NRS23_TX_10054,1142972,30.10210608,-94.36546319,nldi_snap,2026-08-24T02:03:36Z
NRS23_TX_10055,5765299,30.31479566,-99.91206769,nldi_snap,2026-08-24T02:03:36Z
NRS23_TX_10058,1519031,30.54593203,-95.29172356,nldi_snap,2026-08-24T02:03:36Z
NRS23_TX_10059,9544239,33.56043725,-94.21704249,nldi_snap,2026-08-24T02:03:36Z
NRS23_TX_10060,1078809,31.05775971,-94.566375,nldi_snap,2026-08-24T02:03:36Z
NRS23_TX_10062,3168810,28.29876306,-98.04387115,nldi_snap,2026-08-24T02:03:37Z
NRS23_TX_10065,3763166,29.50203353,-96.39370081,nldi_snap,2026-08-24T02:03:37Z
NRS23_TX_10073,10647911,28.84134683,-99.15601427,nldi_snap,2026-08-24T02:03:37Z
NRS23_TX_10219,5278920,32.32081242,-94.27189372,nldi_snap,2026-08-24T02:03:37Z
NRS23_TX_10242,5785961,30.26666129,-98.23625711,nldi_snap,2026-08-24T02:03:37Z
NRS23_TX_10245,1109697,31.01051475,-94.29906115,nldi_snap,2026-08-24T02:03:37Z
NRS23_TX_10258,5274304,32.50325586,-94.75639679,nldi_snap,2026-08-24T02:03:37Z
NRS23_TX_10259,13744834,35.12437509,-100.270025,nldi_snap,2026-08-24T02:03:37Z
NRS23_TX_10260,1512719,30.43046742,-94.95448597,nldi_snap,2026-08-24T02:03:38Z
NRS23_TX_10262,5292549,33.01690299,-95.53410351,nldi_snap,2026-08-24T02:03:38Z
NRS23_TX_10264,9535365,31.31638157,-93.87897485,nldi_snap,2026-08-24T02:03:38Z
NRS23_TX_10266,1438283,29.94519933,-95.39588893,nldi_snap,2026-08-24T02:03:38Z
NRS23_TX_10270,5575805,31.12274223,-96.22740587,nldi_snap,2026-08-24T02:03:38Z
NRS23_TX_10281,5791496,29.94975287,-96.62805053,nldi_snap,2026-08-24T02:03:38Z
NRS23_TX_10305,1468062,30.23850504,-95.43760855,nldi_snap,2026-08-24T02:03:38Z
NRS23_TX_10306,4453482,31.6692462,-95.33240124,nldi_snap,2026-08-24T02:03:39Z
NRS23_TX_10310,1121433,33.27567207,-94.73926569,nldi_snap,2026-08-24T02:03:39Z
NRS23_TX_10311,5497174,32.8265686,-98.21793348,nldi_snap,2026-08-24T02:03:39Z
NRS23_TX_10313,5790114,30.18129814,-97.37785051,nldi_snap,2026-08-24T02:03:39Z
NRS23_TX_10314,5256709,32.6709952,-95.61483518,nldi_snap,2026-08-24T02:03:39Z
NRS23_TX_10318,3839901,28.55130077,-97.11368758,nldi_snap,2026-08-24T02:03:39Z
NRS23_TX_10319,1149949,31.87268027,-94.94112645,nldi_snap,2026-08-24T02:03:39Z
NRS23_TX_10320,12096727,29.65012951,-100.9730973,nldi_snap,2026-08-24T02:03:39Z
NRS23_TX_10324,3123760,29.57826971,-95.78302558,nldi_snap,2026-08-24T02:03:40Z
NRS23_TX_10325,10840572,29.22019933,-98.35321658,nldi_snap,2026-08-24T02:03:40Z
NRS23_TX_10327,5544016,33.08040138,-98.7274066,nldi_snap,2026-08-24T02:03:40Z
NRS23_TX_10421,5671151,30.53829283,-97.67373323,nldi_snap,2026-08-24T02:03:40Z
NRS23_TX_10453,5253847,33.12121461,-96.11233232,nldi_snap,2026-08-24T02:03:40Z
NRS23_TX_10504,1129535,33.3825256,-95.12624982,nldi_snap,2026-08-24T02:03:40Z
NRS23_TX_10609,324061,27.41538132,-99.17576336,nldi_snap,2026-08-24T02:03:40Z
NRS23_TX_10650,1465602,30.73226399,-95.60260147,nldi_snap,2026-08-24T02:03:41Z
NRS23_TX_10671,1159395,31.26277343,-94.18733703,nldi_snap,2026-08-24T02:03:41Z
NRS23_TX_HP001,2578249,31.5907,-98.1272,nldi_snap,2026-08-24T02:03:41Z
NRS23_UT_10018,10804641,38.5055549,-111.9681542,nldi_snap,2026-08-24T02:03:41Z
NRS23_UT_10020,10390276,40.57130356,-111.7563435,nldi_snap,2026-08-24T02:03:41Z
NRS23_UT_10028,666128,41.73179954,-111.9016825,nldi_snap,2026-08-24T02:03:41Z
NRS23_UT_10050,10815216,38.06148771,-112.2325585,nldi_snap,2026-08-24T02:03:41Z
NRS23_UT_10051,10089388,41.19903379,-111.3914001,nldi_snap,2026-08-24T02:03:41Z
NRS23_UT_10061,5302473,39.19836644,-111.5731575,nldi_snap,2026-08-24T02:03:42Z
NRS23_UT_10067,10274524,41.17122722,-111.666295,nldi_snap,2026-08-24T02:03:42Z
NRS23_UT_10068,10373752,40.54118118,-111.0999341,nldi_snap,2026-08-24T02:03:42Z
NRS23_UT_10070,3277837,37.77798377,-111.4573062,nldi_snap,2026-08-24T02:03:42Z
NRS23_UT_10088,3380849,38.32499257,-109.771344,nldi_snap,2026-08-24T02:03:42Z
NRS23_UT_10089,4902183,38.36307169,-110.8010128,nldi_snap,2026-08-24T02:03:42Z
NRS23_UT_10091,4876349,39.43638052,-111.1327739,nldi_snap,2026-08-24T02:03:42Z
NRS23_UT_10095,1374484,40.28457109,-109.5262638,nldi_snap,2026-08-24T02:03:43Z
NRS23_UT_10098,10024092,37.17413984,-113.3793979,nldi_snap,2026-08-24T02:03:43Z
NRS23_UT_10109,5303191,39.25878801,-111.6928895,nldi_snap,2026-08-24T02:03:43Z
NRS23_UT_10122,10274376,41.23672258,-111.9447015,nldi_snap,2026-08-24T02:03:43Z
NRS23_VA_2143,6910345,37.24028859,-81.10666428,nldi_snap,2026-08-24T02:03:43Z
NRS23_VA_2145,8692945,36.69764481,-78.95891135,nldi_snap,2026-08-24T02:03:43Z
NRS23_VA_2146,8724523,36.86444584,-77.78436906,nldi_snap,2026-08-24T02:03:43Z
NRS23_VA_2152,8712343,36.80995201,-79.42875952,nldi_snap,2026-08-24T02:03:43Z
NRS23_VA_2154,8445644,39.01911859,-78.05850692,nldi_snap,2026-08-24T02:03:44Z
NRS23_VA_2155,6883862,37.11988811,-80.78500511,nldi_snap,2026-08-24T02:03:44Z
NRS23_VA_2156,19751511,36.69211052,-81.86202742,nldi_snap,2026-08-24T02:03:44Z
NRS23_VA_2157,8572609,37.70901633,-77.82701198,nldi_snap,2026-08-24T02:03:44Z
NRS23_VA_2158,8468713,38.22491511,-78.26739147,nldi_snap,2026-08-24T02:03:44Z
NRS23_VA_2159,8552297,37.38141131,-79.22120781,nldi_snap,2026-08-24T02:03:44Z
NRS23_VA_2162,22340229,38.55618225,-77.59634307,nldi_snap,2026-08-24T02:03:44Z
NRS23_VA_2165,8611247,37.2219864,-78.48576028,nldi_snap,2026-08-24T02:03:44Z
NRS23_VA_2168,8674667,36.73630095,-80.09596731,nldi_snap,2026-08-24T02:03:45Z
NRS23_VA_2170,22338767,38.84552892,-77.77426346,nldi_snap,2026-08-24T02:03:45Z
NRS23_VA_2172,6910339,37.24357417,-81.39028318,nldi_snap,2026-08-24T02:03:45Z
NRS23_VA_HP002,8521321,37.958806,-79.697111,nldi_snap,2026-08-24T02:03:45Z
NRS23_VA_HP003,8549587,37.5392,-79.44821,nldi_snap,2026-08-24T02:03:45Z
NRS23_VT_10010,4590321,44.90806099,-72.65536993,nldi_snap,2026-08-24T02:03:45Z
NRS23_VT_10011,4590949,44.95848802,-73.11326795,nldi_snap,2026-08-24T02:03:45Z
NRS23_VT_10013,4578772,44.33726246,-73.02546171,nldi_snap,2026-08-24T02:03:46Z
NRS23_VT_10014,4587098,44.78617087,-73.11742212,nldi_snap,2026-08-24T02:03:46Z
NRS23_VT_10016,10312694,43.57011415,-73.26827111,nldi_snap,2026-08-24T02:03:46Z
NRS23_VT_10018,10294480,42.77070681,-72.93949447,nldi_snap,2026-08-24T02:03:46Z
NRS23_VT_10029,6084371,43.75442742,-72.84168851,nldi_snap,2026-08-24T02:03:46Z
NRS23_VT_10044,10312434,43.61412414,-73.1767241,nldi_snap,2026-08-24T02:03:46Z
NRS23_VT_10059,4576958,44.5013212,-73.20354526,nldi_snap,2026-08-24T02:03:46Z
NRS23_VT_10060,10102586,43.0732733,-72.72760884,nldi_snap,2026-08-24T02:03:46Z
NRS23_VT_10063,6089841,43.40799818,-72.70670244,nldi_snap,2026-08-24T02:03:47Z
NRS23_VT_10064,10102374,43.19327049,-72.81667889,nldi_snap,2026-08-24T02:03:47Z
NRS23_VT_10067,6088827,43.61594665,-72.54214532,nldi_snap,2026-08-24T02:03:47Z
NRS23_WA_10026,23857379,47.17935753,-123.3648433,nldi_snap,2026-08-24T02:03:47Z
NRS23_WA_10027,23081590,47.87839016,-120.7500944,nldi_snap,2026-08-24T02:03:47Z
NRS23_WA_10028,24255397,48.55387915,-120.772104,nldi_snap,2026-08-24T02:03:47Z
NRS23_WA_10030,23989205,47.40039951,-122.7031208,nldi_snap,2026-08-24T02:03:47Z
NRS23_WA_10031,23845221,47.72699098,-124.0379216,nldi_snap,2026-08-24T02:03:48Z
NRS23_WA_10032,23080978,47.83011385,-120.8300048,nldi_snap,2026-08-24T02:03:48Z
NRS23_WA_10033,23053133,48.26643163,-118.6925073,nldi_snap,2026-08-24T02:03:48Z
NRS23_WA_10034,23850367,46.66259905,-122.9914652,nldi_snap,2026-08-24T02:03:48Z
NRS23_WA_10035,23838868,48.27581793,-124.6389368,nldi_snap,2026-08-24T02:03:48Z
NRS23_WA_10036,23856841,47.25384716,-123.5665748,nldi_snap,2026-08-24T02:03:48Z
NRS23_WA_10037,24405893,46.83242229,-119.7928807,nldi_snap,2026-08-24T02:03:48Z
NRS23_WA_10038,23743842,46.31329322,-121.7324842,nldi_snap,2026-08-24T02:03:48Z
NRS23_WA_10040,23856801,47.33209757,-123.445797,nldi_snap,2026-08-24T02:03:49Z
NRS23_WA_10042,24422741,46.84358342,-120.9508803,nldi_snap,2026-08-24T02:03:49Z
NRS23_WA_10043,947110180,47.27564358,-122.0397182,nldi_snap,2026-08-24T02:03:49Z
NRS23_WA_10048,24274529,48.08018588,-121.5676149,nldi_snap,2026-08-24T02:03:49Z
NRS23_WA_10070,23997628,47.95504504,-123.2845978,nldi_snap,2026-08-24T02:03:49Z
NRS23_WA_10074,23054337,48.06856143,-118.6994178,nldi_snap,2026-08-24T02:03:49Z
NRS23_WA_10076,23964473,47.6883883,-121.286499,nldi_snap,2026-08-24T02:03:49Z
NRS23_WA_10088,23031404,48.31068515,-118.1141599,nldi_snap,2026-08-24T02:03:49Z
NRS23_WA_10094,23040853,48.77073362,-118.3814406,nldi_snap,2026-08-24T02:03:50Z
NRS23_WA_10095,23745874,46.31734846,-121.5430856,nldi_snap,2026-08-24T02:03:50Z
NRS23_WA_10096,24285628,47.49329967,-123.3964025,nldi_snap,2026-08-24T02:03:50Z
NRS23_WA_10098,23663081,45.81127441,-120.8861528,nldi_snap,2026-08-24T02:03:50Z
NRS23_WA_10118,23207866,47.48070616,-120.314082,nldi_snap,2026-08-24T02:03:50Z
NRS23_WA_10120,24270284,48.41864804,-122.3405212,nldi_snap,2026-08-24T02:03:50Z
NRS23_WA_10123,23099798,46.44235453,-120.3619117,nldi_snap,2026-08-24T02:03:51Z
NRS23_WA_10124,23956426,48.90499257,-121.83114,nldi_snap,2026-08-24T02:03:51Z
NRS23_WA_10126,23637782,46.05151083,-118.5789949,nldi_snap,2026-08-24T02:03:51Z
NRS23_WA_10129,23041021,48.95431328,-118.7708205,nldi_snap,2026-08-24T02:03:51Z
NRS23_WA_10132,23838482,47.90305685,-124.3912314,nldi_snap,2026-08-24T02:03:51Z
NRS23_WA_10134,23064745,48.40088912,-119.5307131,nldi_snap,2026-08-24T02:03:51Z
NRS23_WA_10135,23864888,46.78088909,-123.4909463,nldi_snap,2026-08-24T02:03:51Z
NRS23_WA_HP001,24242137,46.20886743,-121.7938865,nldi_snap,2026-08-24T02:03:51Z
NRS23_WA_HP003,24287056,47.68139238,-123.0204483,nldi_snap,2026-08-24T02:03:52Z
NRS23_WA_HP004,23845025,47.62809627,-124.0173297,nldi_snap,2026-08-24T02:03:52Z
NRS23_WI_10036,10600556,42.50035836,-88.88980449,nldi_snap,2026-08-24T02:03:52Z
NRS23_WI_10038,14727032,45.23328146,-89.58172949,nldi_snap,2026-08-24T02:03:52Z
NRS23_WI_10039,12011288,43.85869851,-88.74333765,nldi_snap,2026-08-24T02:03:52Z
NRS23_WI_10042,13324280,42.76529654,-90.71761875,nldi_snap,2026-08-24T02:03:52Z
NRS23_WI_10044,13137111,44.08266289,-90.97082351,nldi_snap,2026-08-24T02:03:52Z
NRS23_WI_10046,12174032,44.18869261,-87.95819262,nldi_snap,2026-08-24T02:03:53Z
NRS23_WI_10047,13633387,43.07559874,-89.79963603,nldi_snap,2026-08-24T02:03:53Z
NRS23_WI_10048,2733120,44.29373659,-91.06753099,nldi_snap,2026-08-24T02:03:53Z
NRS23_WI_10050,9030895,44.56155203,-88.97453647,nldi_snap,2026-08-24T02:03:53Z
NRS23_WI_10052,1874879,44.76595765,-92.55238334,nldi_snap,2026-08-24T02:03:53Z
NRS23_WI_10053,2118046,44.35322417,-91.91875672,nldi_snap,2026-08-24T02:03:53Z
NRS23_WI_10056,13297158,42.99398271,-89.28482458,nldi_snap,2026-08-24T02:03:53Z
NRS23_WI_10057,13138253,44.13738148,-90.96406516,nldi_snap,2026-08-24T02:03:54Z
NRS23_WI_10058,13350662,45.95593325,-90.42778246,nldi_snap,2026-08-24T02:03:54Z
NRS23_WI_10062,13123106,45.50790721,-91.2482601,nldi_snap,2026-08-24T02:03:54Z
NRS23_WI_10064,9035359,44.39004794,-88.76538724,nldi_snap,2026-08-24T02:03:54Z
NRS23_WI_10065,13083585,45.1601921,-91.69636742,nldi_snap,2026-08-24T02:03:54Z
NRS23_WI_10067,13634147,43.19300102,-89.97352023,nldi_snap,2026-08-24T02:03:54Z
NRS23_WI_10068,13292722,43.15888676,-88.68342231,nldi_snap,2026-08-24T02:03:54Z
NRS23_WI_10121,13104405,45.08511337,-91.23213608,nldi_snap,2026-08-24T02:03:54Z
NRS23_WI_10124,12005813,44.47851889,-88.12068495,nldi_snap,2026-08-24T02:03:55Z
NRS23_WI_10125,2267793,45.91156637,-92.66343691,nldi_snap,2026-08-24T02:03:55Z
NRS23_WI_10127,13623843,43.86408765,-90.47122459,nldi_snap,2026-08-24T02:03:55Z
NRS23_WI_10128,12169049,42.83062543,-87.96109663,nldi_snap,2026-08-24T02:03:55Z
NRS23_WI_10132,6866051,43.97408594,-88.74945258,nldi_snap,2026-08-24T02:03:55Z
NRS23_WI_10136,12173470,44.27236719,-87.56622132,nldi_snap,2026-08-24T02:03:55Z
NRS23_WI_10140,13283122,43.30879465,-88.83832138,nldi_snap,2026-08-24T02:03:55Z
NRS23_WI_10141,1800271,46.5077418,-92.01515721,nldi_snap,2026-08-24T02:03:56Z
NRS23_WI_10143,13653562,43.6272904,-90.24071978,nldi_snap,2026-08-24T02:03:56Z
NRS23_WI_10149,13133021,44.94623294,-90.55058004,nldi_snap,2026-08-24T02:03:56Z
NRS23_WI_10151,13638495,42.98593284,-90.918443,nldi_snap,2026-08-24T02:03:56Z
NRS23_WI_10152,12175500,43.78460462,-87.80198371,nldi_snap,2026-08-24T02:03:56Z
NRS23_WI_10158,6808986,45.37091881,-88.6273723,nldi_snap,2026-08-24T02:03:56Z
NRS23_WI_10159,2455550,43.89442281,-91.13595598,nldi_snap,2026-08-24T02:03:56Z
NRS23_WI_10163,13634841,43.39472164,-90.65733213,nldi_snap,2026-08-24T02:03:56Z
NRS23_WI_10165,13098432,44.7491596,-91.05031614,nldi_snap,2026-08-24T02:03:57Z
NRS23_WI_10213,6820144,45.41106181,-88.36423287,nldi_snap,2026-08-24T02:03:57Z
NRS23_WI_10216,13412770,42.57436848,-90.02735002,nldi_snap,2026-08-24T02:03:57Z
NRS23_WI_10218,13206696,43.76611155,-91.14338828,nldi_snap,2026-08-24T02:03:57Z
NRS23_WI_10219,1798219,46.65704825,-91.46802963,nldi_snap,2026-08-24T02:03:57Z
NRS23_WI_10220,9031043,44.51644885,-88.37472755,nldi_snap,2026-08-24T02:03:57Z
NRS23_WI_10221,13425365,42.83319638,-89.48749787,nldi_snap,2026-08-24T02:03:57Z
NRS23_WI_10303,14444694,46.03319142,-88.79718647,nldi_snap,2026-08-24T02:03:58Z
NRS23_WI_10306,13098500,44.81425043,-91.35288902,nldi_snap,2026-08-24T02:03:58Z
NRS23_WI_10307,9031967,44.67666954,-88.59038763,nldi_snap,2026-08-24T02:03:58Z
NRS23_WI_10308,6867117,43.77426338,-89.30425201,nldi_snap,2026-08-24T02:03:58Z
NRS23_WI_10309,13637713,43.07359017,-90.88035525,nldi_snap,2026-08-24T02:03:58Z
NRS23_WI_10311,6819040,45.04063517,-87.74274557,nldi_snap,2026-08-24T02:03:58Z
NRS23_WI_10313,2267797,45.91055279,-92.51865522,nldi_snap,2026-08-24T02:03:58Z
NRS23_WI_10316,13291738,43.12947286,-88.57992314,nldi_snap,2026-08-24T02:03:59Z
NRS23_WI_10317,2733550,44.1273493,-91.55062765,nldi_snap,2026-08-24T02:03:59Z
NRS23_WI_10320,14708188,44.03648486,-90.00775164,nldi_snap,2026-08-24T02:03:59Z
NRS23_WI_10321,13638123,43.0118767,-91.0183262,nldi_snap,2026-08-24T02:03:59Z
NRS23_WI_HP001,6820782,45.48,-88.5371,nldi_snap,2026-08-24T02:03:59Z
NRS23_WV_10009,19323445,38.47387978,-80.67457499,nldi_snap,2026-08-24T02:03:59Z
NRS23_WV_10011,4351266,39.02810113,-79.93551221,nldi_snap,2026-08-24T02:03:59Z
NRS23_WV_10012,3770420,39.49150453,-80.01164936,nldi_snap,2026-08-24T02:04:00Z
NRS23_WV_10013,6929820,37.81325305,-81.46855529,nldi_snap,2026-08-24T02:04:00Z
NRS23_WV_10014,19314628,38.80542884,-82.06138337,nldi_snap,2026-08-24T02:04:00Z
NRS23_WV_10015,6935710,37.63467968,-81.86867081,nldi_snap,2026-08-24T02:04:00Z
NRS23_WV_10017,12103870,38.49143188,-79.85408179,nldi_snap,2026-08-24T02:04:00Z
NRS23_WV_10018,19320729,38.66367261,-80.73113282,nldi_snap,2026-08-24T02:04:00Z
NRS23_WV_10019,6906905,37.54538892,-81.00452914,nldi_snap,2026-08-24T02:04:00Z
NRS23_WV_10027,3777181,38.75418292,-79.74387135,nldi_snap,2026-08-24T02:04:00Z
NRS23_WV_10028,19313722,38.56717683,-81.95110798,nldi_snap,2026-08-24T02:04:01Z
NRS23_WV_10057,3776571,38.90246964,-79.54584311,nldi_snap,2026-08-24T02:04:01Z
NRS23_WV_10059,6909197,37.38112396,-81.19145273,nldi_snap,2026-08-24T02:04:01Z
NRS23_WV_HP001,5895084,39.4955013,-78.30457145,nldi_snap,2026-08-24T02:04:01Z
NRS23_WV_HP002,12103814,38.62222,-79.78611,nldi_snap,2026-08-24T02:04:01Z
NRS23_WV_HP003,4548780,38.21701435,-81.11405585,nldi_snap,2026-08-24T02:04:01Z
NRS23_WY_10024,24432663,43.42932654,-110.6449595,nldi_snap,2026-08-24T02:04:01Z
NRS23_WY_10026,15954080,42.34139933,-108.7465161,nldi_snap,2026-08-24T02:04:02Z
NRS23_WY_10027,23123909,44.31957741,-110.5748075,nldi_snap,2026-08-24T02:04:02Z
NRS23_WY_10028,5336127,44.69916284,-107.4817363,nldi_snap,2026-08-24T02:04:02Z
NRS23_WY_10032,5372621,44.1183282,-106.9444784,nldi_snap,2026-08-24T02:04:02Z
NRS23_WY_10035,5380286,44.37745168,-106.6827382,nldi_snap,2026-08-24T02:04:02Z
NRS23_WY_10036,18352659,42.42098776,-110.3605475,nldi_snap,2026-08-24T02:04:02Z
NRS23_WY_10039,17483099,42.05970175,-105.1207286,nldi_snap,2026-08-24T02:04:03Z
NRS23_WY_10040,18275747,41.08279628,-107.3886512,nldi_snap,2026-08-24T02:04:03Z
NRS23_WY_10042,15985547,41.14967858,-106.4614028,nldi_snap,2026-08-24T02:04:03Z
NRS23_WY_10044,15953660,42.38923986,-108.6755251,nldi_snap,2026-08-24T02:04:03Z
NRS23_WY_10046,17493249,41.6032131,-105.7031128,nldi_snap,2026-08-24T02:04:03Z
NRS23_WY_10224,4269482,44.84558738,-109.4943383,nldi_snap,2026-08-24T02:04:03Z
NRS23_WY_10231,17482635,42.0052396,-105.3205481,nldi_snap,2026-08-24T02:04:03Z
NRS23_WY_10240,24432323,42.5586114,-110.6794871,nldi_snap,2026-08-24T02:04:04Z
NRS23_WY_10258,17475863,41.62020117,-104.5994803,nldi_snap,2026-08-24T02:04:04Z
NRS23_WY_10262,17494057,41.12418039,-106.0146636,nldi_snap,2026-08-24T02:04:04Z
NRS23_WY_10263,10907169,43.95135044,-105.3935152,nldi_snap,2026-08-24T02:04:04Z
NRS23_WY_10265,23123719,43.73419509,-110.2097754,nldi_snap,2026-08-24T02:04:04Z
NRS23_WY_10266,17481981,42.21412293,-105.5050433,nldi_snap,2026-08-24T02:04:04Z
NRS23_WY_10298,18349981,42.51091702,-110.1893381,nldi_snap,2026-08-24T02:04:04Z
NRS23_WY_10299,18345879,43.35076603,-110.0122504,nldi_snap,2026-08-24T02:04:05Z
NRS23_WY_10300,12802936,44.58647067,-108.1236452,nldi_snap,2026-08-24T02:04:05Z
NRS23_WY_10307,15983343,41.40664196,-106.8207992,nldi_snap,2026-08-24T02:04:05Z
