metric_key,units,cycles_with_values,pooled_cycles,origin,sources,epa_flag,definition_1314,definition_1819,definition_2324,median_ratio,units_check
bent_EPT_NTAX,,"1314,1819,2324","1314,1819,2324",1314:epa_published; 1819:legacy_r_app; 2324:epa_published,1314:BENTHIC_METRICS.EPT_NTAX; 2324:BENTHIC_METRICS.EPT_NTAX,Same/equivalent EPA label across available cycles,No. of EPT taxa,,No. of EPT taxa,1.143,ok
bent_HPRIME,,"1314,1819,2324","1314,1819,2324",1314:epa_published; 1819:legacy_r_app; 2324:epa_published,1314:BENTHIC_METRICS.HPRIME; 2324:BENTHIC_METRICS.HPRIME,Same/equivalent EPA label across available cycles,"Shannon diversity- sum of prop_i*ln(prop_i) based only on distinct taxa, where prop_i=proportion of species i in sample",,"Shannon diversity- sum of prop_i*ln(prop_i) based only on distinct taxa, where prop_i=proportion of species i in sample",1.024,ok
bent_TOLRPIND,,"1314,1819,2324","1314,1819,2324",1314:epa_published; 1819:legacy_r_app; 2324:epa_published,1314:BENTHIC_METRICS.TOLRPIND; 2324:BENTHIC_METRICS.TOLRPIND,Same/equivalent EPA label across available cycles,% Tolerant (PTV>=7) individuals,,% Tolerant (PTV>=7) individuals,1.063,ok
bent_TOTLNTAX,,"1314,1819,2324","1314,1819,2324",1314:epa_published; 1819:legacy_r_app; 2324:epa_published,1314:BENTHIC_METRICS.TOTLNTAX; 2324:BENTHIC_METRICS.TOTLNTAX,Same/equivalent EPA label across available cycles,Number of distinct taxa in sample,,Number of distinct taxa in sample,1.067,ok
chem_CHLA,ug/L,"1314,1819,2324","1314,1819,2324",1314:epa_published; 1819:epa_published; 2324:epa_published,1314:WATER_COLUMN_CHLA.CHLA_RESULT; 1819:WATER_CHEMISTRY.CHLA_RESULT; 2324:WATER_CHEMISTRY.CHLA_RESULT,Not comparable across cycles; Same/equivalent EPA label across available cycles,Chlorophyll a for NA,Analyte value: chlorophyll-a,Analyte value: chlorophyll-a,1.116,ok
chem_COND,uS/cm,"1314,1819,2324","1314,1819,2324",1314:epa_published; 1819:epa_published; 2324:epa_published,1314:WATER_CHEMISTRY.COND_RESULT; 1819:WATER_CHEMISTRY.COND_RESULT; 2324:WATER_CHEMISTRY.COND_RESULT,EPA label differs and/or is blank across cycles; Not comparable across cycles,Conductivity for NA,Analyte value: conductivity,Analyte value: conductivity,1.15,ok
chem_DOC,mg/L,"1314,1819,2324","1314,1819,2324",1314:epa_published; 1819:epa_published; 2324:epa_published,1314:WATER_CHEMISTRY.DOC_RESULT; 1819:WATER_CHEMISTRY.DOC_RESULT; 2324:WATER_CHEMISTRY.DOC_RESULT,EPA label differs and/or is blank across cycles; Not comparable across cycles,Dissolved Organic Carbon - MG/L,Analyte value: dissolved organic carbon,Analyte value: dissolved organic carbon,1.03,ok
chem_NTL,mg N/L,"1314,1819,2324","1314,1819,2324",1314:epa_published; 1819:epa_published; 2324:epa_published,1314:WATER_CHEMISTRY.NTL_RESULT; 1819:WATER_CHEMISTRY.NTL_RESULT; 2324:WATER_CHEMISTRY.NTL_RESULT,EPA label differs and/or is blank across cycles,Total Nitrogen for NA,Total Nitrogen,Total Nitrogen,1.127,ok
chem_PH,Std. Units,"1314,1819,2324","1314,1819,2324",1314:epa_published; 1819:epa_published; 2324:epa_published,1314:WATER_CHEMISTRY.PH_RESULT; 1819:WATER_CHEMISTRY.PH_RESULT; 2324:WATER_CHEMISTRY.PH_RESULT,EPA label differs and/or is blank across cycles; Not comparable across cycles,pH - STD. UNITS,Analyte value: pH,Analyte value: pH,1.015,ok
chem_PTL,ug/L,"1314,1819,2324","1314,1819,2324",1314:epa_published; 1819:epa_published; 2324:epa_published,1314:WATER_CHEMISTRY.PTL_RESULT; 1819:WATER_CHEMISTRY.PTL_RESULT; 2324:WATER_CHEMISTRY.PTL_RESULT,EPA label differs and/or is blank across cycles; Not comparable across cycles,Total Phosphorus - UG/L,Total Phosphorus,Total Phosphorus,1.284,ok
chem_TURB,NTU,"1314,1819,2324","1314,1819,2324",1314:epa_published; 1819:epa_published; 2324:epa_published,1314:WATER_CHEMISTRY.TURB_RESULT; 1819:WATER_CHEMISTRY.TURB_RESULT; 2324:WATER_CHEMISTRY.TURB_RESULT,EPA label differs and/or is blank across cycles,Turbidity for NA,Analyte value: turbidity,Analyte value: turbidity,1.628,ok
fish_NAT_NTOLNTAX,,"1314,1819,2324","1314,1819,2324",1314:epa_published; 1819:legacy_r_app; 2324:epa_published,1314:FISH_METRICS.NAT_NTOLNTAX; 2324:FISH_METRICS.NAT_NTOLNTAX,Same/equivalent EPA label across available cycles,No. native non-tolerant taxa based on TOLERANCE_NRSA,,No. native non-tolerant taxa based on TOLERANCE_NRSA,1.25,ok
fish_NAT_TOTLNTAX,,"1314,1819,2324","1314,1819,2324",1314:epa_published; 1819:legacy_r_app; 2324:epa_published,1314:FISH_METRICS.NAT_TOTLNTAX; 2324:FISH_METRICS.NAT_TOTLNTAX,Same/equivalent EPA label across available cycles,Total native taxa,,Total native taxa,1.125,ok
phab_BFWD_RAT,,"1314,1819,2324","1314,1819,2324",1314:epa_published; 1819:epa_published; 2324:epa_published,1314:PHAB_LARGER.BFWD_RAT; 1819:PHAB.BFWD_RAT; 2324:PHAB.BFWD_RAT,EPA label differs and/or is blank across cycles,,Bankfull Width/Depth Ratio,Bankfull Width/Depth Ratio,1.039,ok
phab_LRBS_use,,"1314,1819,2324","1314,1819,2324",1314:epa_published; 1819:epa_published; 2324:epa_published,1314:PHAB_INDICATORS.LRBS_USE; 1819:PHAB.LRBS_USE; 2324:PHAB.LRBS_USE,EPA label differs and/or is blank across cycles; Not comparable across cycles,"Log relative bed stability to use in assessing BEDSED_COND, filled in from other variables as needed",Log10(Relative Bed Stability-bankfull: Dgm/Dcb) (PRK 2008) LRBS_g08 with some substitutions,"Log relative bed stability to use in assessing BEDSED_COND, filled in from other variables as needed",1.159,ok
phab_LSUB_DMM,,"1314,1819,2324","1314,1819,2324",1314:epa_published; 1819:epa_published; 2324:epa_published,1314:PHAB_LARGER.LSUB_DMM; 1819:PHAB.LSUB_DMM; 2324:PHAB.LSUB_DMM,EPA label differs and/or is blank across cycles,,Log10(Dgm--Geometric Mean Bed Surface Particle Diameter--mm)),Log10(Dgm--Geometric Mean Bed Surface Particle Diameter--mm)),2.118,ok
phab_LWDeqVolM100,,"1314,1819,2324","1819,2324",1314:epa_published; 1819:epa_published; 2324:epa_published,1314:PHAB_LARGER.LWDEQVOLM100; 1819:PHAB.LWDEQVOLM100; 2324:PHAB.LWDEQVOLM100,Not comparable across cycles,Wood Vol (m3) per 100m channel,"Wood Vol (m3) per 100m channel (Wadeable=V2, Boatable=V1)",,1.231,ok
phab_PCT_FAST,,"1314,1819,2324","1314,1819,2324",1314:epa_published; 1819:epa_published; 2324:epa_published,1314:PHAB_LARGER.PCT_FAST; 1819:PHAB.PCT_FAST; 2324:PHAB.PCT_FAST,EPA label differs and/or is blank across cycles,,Percent Fast Water Habitat,Percent Fast Water Habitat,1.212,ok
phab_PCT_SAFN,,"1314,1819,2324","1314,1819,2324",1314:epa_published; 1819:epa_published; 2324:epa_published,1314:PHAB_LARGER.PCT_SAFN; 1819:PHAB.PCT_SAFN; 2324:PHAB.PCT_SAFN,EPA label differs and/or is blank across cycles,,Bed Surface Percent Sand or smaller (<2.0mm),Bed Surface Percent Sand or smaller (<2.0mm),1.132,ok
phab_RP100_cm,,"1819,2324","1819,2324",1819:epa_published; 2324:epa_published,1819:PHAB.RP100_CM; 2324:PHAB.RP100_CM,Not comparable across cycles,,Mean Residual Depth at thalweg (cm),,1.135,ok
phab_SINU,,"1314,1819,2324","1314,1819,2324",1314:epa_published; 1819:epa_published; 2324:epa_published,1314:PHAB_LARGER.SINU; 1819:PHAB.SINU; 2324:PHAB.SINU,EPA label differs and/or is blank across cycles,,Sinuosity of sample reach,Sinuosity of sample reach.,1.019,ok
phab_XBKA,,"1314,1819,2324","1314,1819,2324",1314:epa_published; 1819:epa_published; 2324:epa_published,1314:PHAB_LARGER.XBKA; 1819:PHAB.XBKA; 2324:PHAB.XBKA,EPA label differs and/or is blank across cycles,,Bank Angle (mean degrees),Bank Angle--mean (degrees),1.219,ok
phab_XBKF_H,,"1314,1819,2324","1314,1819,2324",1314:epa_published; 1819:epa_published; 2324:epa_published,1314:PHAB_LARGER.XBKF_H; 1819:PHAB.XBKF_H; 2324:PHAB.XBKF_H,EPA label differs and/or is blank across cycles,,Mean Bankfull Height above wetted channel (m),Mean Bankfull Height above wetted channel (m),1.391,ok
phab_XCDENMID,,"1314,1819,2324","1314,1819,2324",1314:epa_published; 1819:epa_published; 2324:epa_published,1314:PHAB_LARGER.XCDENMID; 1819:PHAB.XCDENMID; 2324:PHAB.XCDENMID,EPA label differs and/or is blank across cycles,,Canopy Density at mid-channel (mean percent),Canopy Density at mid-channel (mean percent),1.297,ok
phab_XCMGW,,"1314,1819,2324","1314,1819,2324",1314:epa_published; 1819:epa_published; 2324:epa_published,1314:PHAB_LARGER.XCMGW; 1819:PHAB.XCMGW; 2324:PHAB.XCMGW,EPA label differs and/or is blank across cycles,,Sum of Woody Canopy+Mid+Ground layer areal cover proportion,Sum of Woody Canopy+Mid+Ground layer areal cover proportion,1.058,ok
phab_XEMBED,,"1314,1819,2324","1314,1819,2324",1314:epa_published; 1819:epa_published; 2324:epa_published,1314:PHAB_LARGER.XEMBED; 1819:PHAB.XEMBED; 2324:PHAB.XEMBED,EPA label differs and/or is blank across cycles,,Mean streambed embeddedness (%),Mean streambed embeddedness (%),1.015,ok
phab_XFC_NAT,,"1314,1819,2324","1314,1819,2324",1314:epa_published; 1819:epa_published; 2324:epa_published,1314:PHAB_LARGER.XFC_NAT; 1819:PHAB.XFC_NAT; 2324:PHAB.XFC_NAT,EPA label differs and/or is blank across cycles,,Instream Cover Sum: non-anthropogenic cover types (areal proportion),Sum of non-anthropogenic fish areal cover types,1.095,ok
