metric_key,cycle,origin,n
bent_AMPHNTAX,1314,epa_published,2255
bent_AMPHNTAX,1819,legacy_r_app,2105
bent_AMPHNTAX,2324,epa_published,2094
bent_AMPHPIND,1314,epa_published,2255
bent_AMPHPIND,1819,legacy_r_app,2105
bent_AMPHPIND,2324,epa_published,2094
bent_AMPHPTAX,1314,epa_published,2255
bent_AMPHPTAX,1819,legacy_r_app,2105
bent_AMPHPTAX,2324,epa_published,2094
bent_BURRNTAX,1314,epa_published,2255
bent_BURRNTAX,1819,legacy_r_app,2105
bent_BURRNTAX,2324,epa_published,2094
bent_BURRPIND,1314,epa_published,2255
bent_BURRPIND,1819,legacy_r_app,2105
bent_BURRPIND,2324,epa_published,2094
bent_BURRPTAX,1314,epa_published,2255
bent_BURRPTAX,1819,legacy_r_app,2105
bent_BURRPTAX,2324,epa_published,2094
bent_CHIRDOM1PIND,1314,epa_published,2255
bent_CHIRDOM1PIND,1819,legacy_r_app,2105
bent_CHIRDOM1PIND,2324,epa_published,2094
bent_CHIRDOM3PIND,1314,epa_published,2255
bent_CHIRDOM3PIND,1819,legacy_r_app,2105
bent_CHIRDOM3PIND,2324,epa_published,2094
bent_CHIRDOM5PIND,1314,epa_published,2255
bent_CHIRDOM5PIND,1819,legacy_r_app,2105
bent_CHIRDOM5PIND,2324,epa_published,2094
bent_CHIRNTAX,1314,epa_published,2255
bent_CHIRNTAX,1819,legacy_r_app,2105
bent_CHIRNTAX,2324,epa_published,2094
bent_CHIRPIND,1314,epa_published,2255
bent_CHIRPIND,1819,legacy_r_app,2105
bent_CHIRPIND,2324,epa_published,2094
bent_CHIRPTAX,1314,epa_published,2255
bent_CHIRPTAX,1819,legacy_r_app,2105
bent_CHIRPTAX,2324,epa_published,2094
bent_CLMBNTAX,1314,epa_published,2255
bent_CLMBNTAX,1819,legacy_r_app,2105
bent_CLMBNTAX,2324,epa_published,2094
bent_CLMBPIND,1314,epa_published,2255
bent_CLMBPIND,1819,legacy_r_app,2105
bent_CLMBPIND,2324,epa_published,2094
bent_CLMBPTAX,1314,epa_published,2255
bent_CLMBPTAX,1819,legacy_r_app,2105
bent_CLMBPTAX,2324,epa_published,2094
bent_CLNGNTAX,1314,epa_published,2255
bent_CLNGNTAX,1819,legacy_r_app,2105
bent_CLNGNTAX,2324,epa_published,2094
bent_CLNGPIND,1314,epa_published,2255
bent_CLNGPIND,1819,legacy_r_app,2105
bent_CLNGPIND,2324,epa_published,2094
bent_CLNGPTAX,1314,epa_published,2255
bent_CLNGPTAX,1819,legacy_r_app,2105
bent_CLNGPTAX,2324,epa_published,2094
bent_COFINTAX,1314,epa_published,2255
bent_COFINTAX,1819,legacy_r_app,2105
bent_COFINTAX,2324,epa_published,2094
bent_COFIPIND,1314,epa_published,2255
bent_COFIPIND,1819,legacy_r_app,2105
bent_COFIPIND,2324,epa_published,2094
bent_COFIPTAX,1314,epa_published,2255
bent_COFIPTAX,1819,legacy_r_app,2105
bent_COFIPTAX,2324,epa_published,2094
bent_COFITRICNTAX,1314,epa_published,2255
bent_COFITRICNTAX,1819,legacy_r_app,2105
bent_COFITRICNTAX,2324,epa_published,2094
bent_COFITRICPIND,1314,epa_published,2255
bent_COFITRICPIND,1819,legacy_r_app,2105
bent_COFITRICPIND,2324,epa_published,2094
bent_COFITRICPTAX,1314,epa_published,2255
bent_COFITRICPTAX,1819,legacy_r_app,2105
bent_COFITRICPTAX,2324,epa_published,2094
bent_COGANTAX,1314,epa_published,2255
bent_COGANTAX,1819,legacy_r_app,2105
bent_COGANTAX,2324,epa_published,2094
bent_COGAPIND,1314,epa_published,2255
bent_COGAPIND,1819,legacy_r_app,2105
bent_COGAPIND,2324,epa_published,2094
bent_COGAPTAX,1314,epa_published,2255
bent_COGAPTAX,1819,legacy_r_app,2105
bent_COGAPTAX,2324,epa_published,2094
bent_CRUSNTAX,1314,epa_published,2255
bent_CRUSNTAX,1819,legacy_r_app,2105
bent_CRUSNTAX,2324,epa_published,2094
bent_CRUSPIND,1314,epa_published,2255
bent_CRUSPIND,1819,legacy_r_app,2105
bent_CRUSPIND,2324,epa_published,2094
bent_CRUSPTAX,1314,epa_published,2255
bent_CRUSPTAX,1819,legacy_r_app,2105
bent_CRUSPTAX,2324,epa_published,2094
bent_DIPTNTAX,1314,epa_published,2255
bent_DIPTNTAX,1819,legacy_r_app,2105
bent_DIPTNTAX,2324,epa_published,2094
bent_DIPTPIND,1314,epa_published,2255
bent_DIPTPIND,1819,legacy_r_app,2105
bent_DIPTPIND,2324,epa_published,2094
bent_DIPTPTAX,1314,epa_published,2255
bent_DIPTPTAX,1819,legacy_r_app,2105
bent_DIPTPTAX,2324,epa_published,2094
bent_DOM1PIND,1314,epa_published,2255
bent_DOM1PIND,1819,legacy_r_app,2105
bent_DOM1PIND,2324,epa_published,2094
bent_DOM3PIND,1314,epa_published,2255
bent_DOM3PIND,1819,legacy_r_app,2105
bent_DOM3PIND,2324,epa_published,2094
bent_DOM5PIND,1314,epa_published,2255
bent_DOM5PIND,1819,legacy_r_app,2105
bent_DOM5PIND,2324,epa_published,2094
bent_EPHENTAX,1314,epa_published,2255
bent_EPHENTAX,1819,legacy_r_app,2105
bent_EPHENTAX,2324,epa_published,2094
bent_EPHEPIND,1314,epa_published,2255
bent_EPHEPIND,1819,legacy_r_app,2105
bent_EPHEPIND,2324,epa_published,2094
bent_EPHEPTAX,1314,epa_published,2255
bent_EPHEPTAX,1819,legacy_r_app,2105
bent_EPHEPTAX,2324,epa_published,2094
bent_EPOTNTAX,1314,epa_published,2255
bent_EPOTNTAX,1819,legacy_r_app,2105
bent_EPOTNTAX,2324,epa_published,2094
bent_EPOTPIND,1314,epa_published,2255
bent_EPOTPIND,1819,legacy_r_app,2105
bent_EPOTPIND,2324,epa_published,2094
bent_EPOTPTAX,1314,epa_published,2255
bent_EPOTPTAX,1819,legacy_r_app,2105
bent_EPOTPTAX,2324,epa_published,2094
bent_EPT_NTAX,1314,epa_published,2255
bent_EPT_NTAX,1819,legacy_r_app,2105
bent_EPT_NTAX,2324,epa_published,2094
bent_EPT_PIND,1314,epa_published,2255
bent_EPT_PIND,1819,legacy_r_app,2105
bent_EPT_PIND,2324,epa_published,2094
bent_EPT_PTAX,1314,epa_published,2255
bent_EPT_PTAX,1819,legacy_r_app,2105
bent_EPT_PTAX,2324,epa_published,2094
bent_FACLNTAX,1314,epa_published,2255
bent_FACLNTAX,1819,legacy_r_app,2105
bent_FACLNTAX,2324,epa_published,2094
bent_FACLPIND,1314,epa_published,2255
bent_FACLPIND,1819,legacy_r_app,2105
bent_FACLPIND,2324,epa_published,2094
bent_FACLPTAX,1314,epa_published,2255
bent_FACLPTAX,1819,legacy_r_app,2105
bent_FACLPTAX,2324,epa_published,2094
bent_HEMINTAX,1314,epa_published,2255
bent_HEMINTAX,1819,legacy_r_app,2105
bent_HEMINTAX,2324,epa_published,2094
bent_HEMIPIND,1314,epa_published,2255
bent_HEMIPIND,1819,legacy_r_app,2105
bent_HEMIPIND,2324,epa_published,2094
bent_HEMIPTAX,1314,epa_published,2255
bent_HEMIPTAX,1819,legacy_r_app,2105
bent_HEMIPTAX,2324,epa_published,2094
bent_HPRIME,1314,epa_published,2255
bent_HPRIME,1819,legacy_r_app,2105
bent_HPRIME,2324,epa_published,2094
bent_INTLNTAX,1819,legacy_r_app,2105
bent_INTLPIND,1819,legacy_r_app,2105
bent_INTLPTAX,1819,legacy_r_app,2105
bent_MITENTAX,1314,epa_published,2255
bent_MITENTAX,1819,legacy_r_app,2105
bent_MITENTAX,2324,epa_published,2094
bent_MITEPIND,1314,epa_published,2255
bent_MITEPIND,1819,legacy_r_app,2105
bent_MITEPIND,2324,epa_published,2094
bent_MITEPTAX,1314,epa_published,2255
bent_MITEPTAX,1819,legacy_r_app,2105
bent_MITEPTAX,2324,epa_published,2094
bent_MOLLNTAX,1314,epa_published,2255
bent_MOLLNTAX,1819,legacy_r_app,2105
bent_MOLLNTAX,2324,epa_published,2094
bent_MOLLPIND,1314,epa_published,2255
bent_MOLLPIND,1819,legacy_r_app,2105
bent_MOLLPIND,2324,epa_published,2094
bent_MOLLPTAX,1314,epa_published,2255
bent_MOLLPTAX,1819,legacy_r_app,2105
bent_MOLLPTAX,2324,epa_published,2094
bent_NOINNTAX,1314,epa_published,2255
bent_NOINNTAX,1819,legacy_r_app,2105
bent_NOINNTAX,2324,epa_published,2094
bent_NOINPIND,1314,epa_published,2255
bent_NOINPIND,1819,legacy_r_app,2105
bent_NOINPIND,2324,epa_published,2094
bent_NOINPTAX,1314,epa_published,2255
bent_NOINPTAX,1819,legacy_r_app,2105
bent_NOINPTAX,2324,epa_published,2094
bent_NTOLNTAX,1819,legacy_r_app,2105
bent_NTOLPIND,1819,legacy_r_app,2105
bent_NTOLPTAX,1819,legacy_r_app,2105
bent_ODONNTAX,1314,epa_published,2255
bent_ODONNTAX,1819,legacy_r_app,2105
bent_ODONNTAX,2324,epa_published,2094
bent_ODONPIND,1314,epa_published,2255
bent_ODONPIND,1819,legacy_r_app,2105
bent_ODONPIND,2324,epa_published,2094
bent_ODONPTAX,1314,epa_published,2255
bent_ODONPTAX,1819,legacy_r_app,2105
bent_ODONPTAX,2324,epa_published,2094
bent_OLLENTAX,1314,epa_published,2255
bent_OLLENTAX,1819,legacy_r_app,2105
bent_OLLENTAX,2324,epa_published,2094
bent_OLLEPIND,1314,epa_published,2255
bent_OLLEPIND,1819,legacy_r_app,2105
bent_OLLEPIND,2324,epa_published,2094
bent_OLLEPTAX,1314,epa_published,2255
bent_OLLEPTAX,1819,legacy_r_app,2105
bent_OLLEPTAX,2324,epa_published,2094
bent_ORTHCHIRPIND,1314,epa_published,2255
bent_ORTHCHIRPIND,1819,legacy_r_app,2105
bent_ORTHCHIRPIND,2324,epa_published,2094
bent_ORTHNTAX,1314,epa_published,2255
bent_ORTHNTAX,1819,legacy_r_app,2105
bent_ORTHNTAX,2324,epa_published,2094
bent_ORTHPIND,1314,epa_published,2255
bent_ORTHPIND,1819,legacy_r_app,2105
bent_ORTHPIND,2324,epa_published,2094
bent_ORTHPTAX,1314,epa_published,2255
bent_ORTHPTAX,1819,legacy_r_app,2105
bent_ORTHPTAX,2324,epa_published,2094
bent_PLECNTAX,1314,epa_published,2255
bent_PLECNTAX,1819,legacy_r_app,2105
bent_PLECNTAX,2324,epa_published,2094
bent_PLECPIND,1314,epa_published,2255
bent_PLECPIND,1819,legacy_r_app,2105
bent_PLECPIND,2324,epa_published,2094
bent_PLECPTAX,1314,epa_published,2255
bent_PLECPTAX,1819,legacy_r_app,2105
bent_PLECPTAX,2324,epa_published,2094
bent_PREDNTAX,1314,epa_published,2255
bent_PREDNTAX,1819,legacy_r_app,2105
bent_PREDNTAX,2324,epa_published,2094
bent_PREDPIND,1314,epa_published,2255
bent_PREDPIND,1819,legacy_r_app,2105
bent_PREDPIND,2324,epa_published,2094
bent_PREDPTAX,1314,epa_published,2255
bent_PREDPTAX,1819,legacy_r_app,2105
bent_PREDPTAX,2324,epa_published,2094
bent_SCRPNTAX,1314,epa_published,2255
bent_SCRPNTAX,1819,legacy_r_app,2105
bent_SCRPNTAX,2324,epa_published,2094
bent_SCRPPIND,1314,epa_published,2255
bent_SCRPPIND,1819,legacy_r_app,2105
bent_SCRPPIND,2324,epa_published,2094
bent_SCRPPTAX,1314,epa_published,2255
bent_SCRPPTAX,1819,legacy_r_app,2105
bent_SCRPPTAX,2324,epa_published,2094
bent_SHRDNTAX,1314,epa_published,2255
bent_SHRDNTAX,1819,legacy_r_app,2105
bent_SHRDNTAX,2324,epa_published,2094
bent_SHRDPIND,1314,epa_published,2255
bent_SHRDPIND,1819,legacy_r_app,2105
bent_SHRDPIND,2324,epa_published,2094
bent_SHRDPTAX,1314,epa_published,2255
bent_SHRDPTAX,1819,legacy_r_app,2105
bent_SHRDPTAX,2324,epa_published,2094
bent_SPWLNTAX,1314,epa_published,2255
bent_SPWLNTAX,1819,legacy_r_app,2105
bent_SPWLNTAX,2324,epa_published,2094
bent_SPWLPIND,1314,epa_published,2255
bent_SPWLPIND,1819,legacy_r_app,2105
bent_SPWLPIND,2324,epa_published,2094
bent_SPWLPTAX,1314,epa_published,2255
bent_SPWLPTAX,1819,legacy_r_app,2105
bent_SPWLPTAX,2324,epa_published,2094
bent_STOLNTAX,1314,epa_published,2255
bent_STOLNTAX,1819,legacy_r_app,2105
bent_STOLNTAX,2324,epa_published,2094
bent_STOLPIND,1314,epa_published,2255
bent_STOLPIND,1819,legacy_r_app,2105
bent_STOLPIND,2324,epa_published,2094
bent_STOLPTAX,1314,epa_published,2255
bent_STOLPTAX,1819,legacy_r_app,2105
bent_STOLPTAX,2324,epa_published,2094
bent_SWIMNTAX,1314,epa_published,2255
bent_SWIMNTAX,1819,legacy_r_app,2105
bent_SWIMNTAX,2324,epa_published,2094
bent_SWIMPIND,1314,epa_published,2255
bent_SWIMPIND,1819,legacy_r_app,2105
bent_SWIMPIND,2324,epa_published,2094
bent_SWIMPTAX,1314,epa_published,2255
bent_SWIMPTAX,1819,legacy_r_app,2105
bent_SWIMPTAX,2324,epa_published,2094
bent_TANYNTAX,1314,epa_published,2255
bent_TANYNTAX,1819,legacy_r_app,2105
bent_TANYNTAX,2324,epa_published,2094
bent_TANYPIND,1314,epa_published,2255
bent_TANYPIND,1819,legacy_r_app,2105
bent_TANYPIND,2324,epa_published,2094
bent_TANYPTAX,1314,epa_published,2255
bent_TANYPTAX,1819,legacy_r_app,2105
bent_TANYPTAX,2324,epa_published,2094
bent_TL01NTAX,1314,epa_published,2255
bent_TL01NTAX,1819,legacy_r_app,2105
bent_TL01NTAX,2324,epa_published,2094
bent_TL01PIND,1314,epa_published,2255
bent_TL01PIND,1819,legacy_r_app,2105
bent_TL01PIND,2324,epa_published,2094
bent_TL01PTAX,1314,epa_published,2255
bent_TL01PTAX,1819,legacy_r_app,2105
bent_TL01PTAX,2324,epa_published,2094
bent_TL23NTAX,1314,epa_published,2255
bent_TL23NTAX,1819,legacy_r_app,2105
bent_TL23NTAX,2324,epa_published,2094
bent_TL23PIND,1314,epa_published,2255
bent_TL23PIND,1819,legacy_r_app,2105
bent_TL23PIND,2324,epa_published,2094
bent_TL23PTAX,1314,epa_published,2255
bent_TL23PTAX,1819,legacy_r_app,2105
bent_TL23PTAX,2324,epa_published,2094
bent_TL45NTAX,1314,epa_published,2255
bent_TL45NTAX,1819,legacy_r_app,2105
bent_TL45NTAX,2324,epa_published,2094
bent_TL45PIND,1314,epa_published,2255
bent_TL45PIND,1819,legacy_r_app,2105
bent_TL45PIND,2324,epa_published,2094
bent_TL45PTAX,1314,epa_published,2255
bent_TL45PTAX,1819,legacy_r_app,2105
bent_TL45PTAX,2324,epa_published,2094
bent_TL67NTAX,1314,epa_published,2255
bent_TL67NTAX,1819,legacy_r_app,2105
bent_TL67NTAX,2324,epa_published,2094
bent_TL67PIND,1314,epa_published,2255
bent_TL67PIND,1819,legacy_r_app,2105
bent_TL67PIND,2324,epa_published,2094
bent_TL67PTAX,1314,epa_published,2255
bent_TL67PTAX,1819,legacy_r_app,2105
bent_TL67PTAX,2324,epa_published,2094
bent_TOLRNTAX,1819,legacy_r_app,2105
bent_TOLRPIND,1819,legacy_r_app,2105
bent_TOLRPTAX,1819,legacy_r_app,2105
bent_TOTLNIND,1819,legacy_r_app,2106
bent_TOTLNTAX,1819,legacy_r_app,2105
bent_TRICNTAX,1314,epa_published,2255
bent_TRICNTAX,1819,legacy_r_app,2105
bent_TRICNTAX,2324,epa_published,2094
bent_TRICPIND,1314,epa_published,2255
bent_TRICPIND,1819,legacy_r_app,2105
bent_TRICPIND,2324,epa_published,2094
bent_TRICPTAX,1314,epa_published,2255
bent_TRICPTAX,1819,legacy_r_app,2105
bent_TRICPTAX,2324,epa_published,2094
bent_TUBINAIDNTAX,1314,epa_published,2255
bent_TUBINAIDNTAX,1819,legacy_r_app,2105
bent_TUBINAIDNTAX,2324,epa_published,2094
bent_TUBINAIDPIND,1314,epa_published,2255
bent_TUBINAIDPIND,1819,legacy_r_app,2105
bent_TUBINAIDPIND,2324,epa_published,2094
bent_TUBINAIDPTAX,1314,epa_published,2255
bent_TUBINAIDPTAX,1819,legacy_r_app,2105
bent_TUBINAIDPTAX,2324,epa_published,2094
bent_WTD_TV,1819,legacy_r_app,2105
chem_AMMONIA_N,1314,epa_published,2261
chem_AMMONIA_N,1819,epa_published,2036
chem_AMMONIA_N,2324,epa_published,2054
chem_ANC,1314,epa_published,2259
chem_ANC,1819,epa_published,2103
chem_ANC,2324,epa_published,2099
chem_CALCIUM,1314,epa_published,2260
chem_CALCIUM,1819,epa_published,2108
chem_CALCIUM,2324,epa_published,2097
chem_CHLA,1314,epa_published,2258
chem_CHLA,1819,epa_published,2023
chem_CHLA,2324,epa_published,2098
chem_CHLORIDE,1314,epa_published,2261
chem_CHLORIDE,1819,epa_published,2108
chem_CHLORIDE,2324,epa_published,2099
chem_COLOR,1314,epa_published,2261
chem_COLOR,1819,epa_published,2108
chem_COLOR,2324,epa_published,2093
chem_COND,1314,epa_published,2260
chem_COND,1819,epa_published,2107
chem_COND,2324,epa_published,2098
chem_DOC,1314,epa_published,2261
chem_DOC,1819,epa_published,2105
chem_DOC,2324,epa_published,2100
chem_MAGNESIUM,1314,epa_published,2260
chem_MAGNESIUM,1819,epa_published,2108
chem_MAGNESIUM,2324,epa_published,2098
chem_NITRATE_N,1314,epa_published,2240
chem_NITRATE_N,1819,epa_published,2033
chem_NITRATE_N,2324,epa_published,1864
chem_NITRATE_NITRITE_N,1314,epa_published,183
chem_NITRATE_NITRITE_N,1819,epa_published,80
chem_NITRATE_NITRITE_N,2324,epa_published,40
chem_NITRITE_N,1314,epa_published,2078
chem_NITRITE_N,1819,epa_published,1629
chem_NITRITE_N,2324,epa_published,1371
chem_NTL,1314,epa_published,2261
chem_NTL,1819,epa_published,2107
chem_NTL,2324,epa_published,2100
chem_NTL_DISS,1819,epa_published,1947
chem_PH,1314,epa_published,2207
chem_PH,1819,epa_published,2107
chem_PH,2324,epa_published,2100
chem_PHEO,1819,epa_published,28
chem_POTASSIUM,1314,epa_published,2261
chem_POTASSIUM,1819,epa_published,2108
chem_POTASSIUM,2324,epa_published,2098
chem_PTL,1314,epa_published,2261
chem_PTL,1819,epa_published,2107
chem_PTL,2324,epa_published,2099
chem_PTL_DISS,1819,epa_published,1950
chem_SILICA,1314,epa_published,2261
chem_SILICA,1819,epa_published,2108
chem_SILICA,2324,epa_published,2099
chem_SODIUM,1314,epa_published,2261
chem_SODIUM,1819,epa_published,2108
chem_SODIUM,2324,epa_published,2098
chem_SULFATE,1314,epa_published,2260
chem_SULFATE,1819,epa_published,2107
chem_SULFATE,2324,epa_published,2098
chem_TKN,1819,epa_published,69
chem_TSS,1314,epa_published,2261
chem_TSS,1819,epa_published,2079
chem_TSS,2324,epa_published,1995
chem_TURB,1314,epa_published,2260
chem_TURB,1819,epa_published,2107
chem_TURB,2324,epa_published,2052
fish_ALIENNTAX,1314,epa_published,1871
fish_ALIENNTAX,1819,legacy_r_app,1714
fish_ALIENNTAX,2324,epa_published,1673
fish_ALIENPIND,1314,epa_published,1871
fish_ALIENPIND,1819,legacy_r_app,1714
fish_ALIENPIND,2324,epa_published,1673
fish_ALIENPTAX,1314,epa_published,1871
fish_ALIENPTAX,1819,legacy_r_app,1714
fish_ALIENPTAX,2324,epa_published,1673
fish_ANOMPIND,1314,epa_published,1871
fish_ANOMPIND,1819,legacy_r_app,1714
fish_ANOMPIND,2324,epa_published,1673
fish_BENTINVNTAX,1314,epa_published,1871
fish_BENTINVNTAX,1819,legacy_r_app,1714
fish_BENTINVNTAX,2324,epa_published,1673
fish_BENTINVPIND,1314,epa_published,1871
fish_BENTINVPIND,1819,legacy_r_app,1714
fish_BENTINVPIND,2324,epa_published,1673
fish_BENTINVPTAX,1314,epa_published,1871
fish_BENTINVPTAX,1819,legacy_r_app,1714
fish_BENTINVPTAX,2324,epa_published,1673
fish_CARNNTAX,1314,epa_published,1871
fish_CARNNTAX,1819,legacy_r_app,1714
fish_CARNNTAX,2324,epa_published,1673
fish_CARNPIND,1314,epa_published,1871
fish_CARNPIND,1819,legacy_r_app,1714
fish_CARNPIND,2324,epa_published,1673
fish_CARNPTAX,1314,epa_published,1871
fish_CARNPTAX,1819,legacy_r_app,1714
fish_CARNPTAX,2324,epa_published,1673
fish_CATONTAX,1314,epa_published,1871
fish_CATONTAX,1819,legacy_r_app,1714
fish_CATONTAX,2324,epa_published,1673
fish_CATOPIND,1314,epa_published,1871
fish_CATOPIND,1819,legacy_r_app,1714
fish_CATOPIND,2324,epa_published,1673
fish_CATOPTAX,1314,epa_published,1871
fish_CATOPTAX,1819,legacy_r_app,1714
fish_CATOPTAX,2324,epa_published,1673
fish_CENTNTAX,1314,epa_published,1871
fish_CENTNTAX,1819,legacy_r_app,1714
fish_CENTNTAX,2324,epa_published,1673
fish_CENTPIND,1314,epa_published,1871
fish_CENTPIND,1819,legacy_r_app,1714
fish_CENTPIND,2324,epa_published,1673
fish_CENTPTAX,1314,epa_published,1871
fish_CENTPTAX,1819,legacy_r_app,1714
fish_CENTPTAX,2324,epa_published,1673
fish_COLDNTAX,1314,epa_published,1871
fish_COLDNTAX,1819,legacy_r_app,1714
fish_COLDNTAX,2324,epa_published,1673
fish_COLDPIND,1314,epa_published,1871
fish_COLDPIND,1819,legacy_r_app,1714
fish_COLDPIND,2324,epa_published,1673
fish_COLDPTAX,1314,epa_published,1871
fish_COLDPTAX,1819,legacy_r_app,1714
fish_COLDPTAX,2324,epa_published,1673
fish_CYPRNTAX,1314,epa_published,1871
fish_CYPRNTAX,1819,legacy_r_app,1714
fish_CYPRNTAX,2324,epa_published,1673
fish_CYPRPIND,1314,epa_published,1871
fish_CYPRPIND,1819,legacy_r_app,1714
fish_CYPRPIND,2324,epa_published,1673
fish_CYPRPTAX,1314,epa_published,1871
fish_CYPRPTAX,1819,legacy_r_app,1714
fish_CYPRPTAX,2324,epa_published,1673
fish_HERBNTAX,1314,epa_published,1871
fish_HERBNTAX,1819,legacy_r_app,1714
fish_HERBNTAX,2324,epa_published,1673
fish_HERBPIND,1314,epa_published,1871
fish_HERBPIND,1819,legacy_r_app,1714
fish_HERBPIND,2324,epa_published,1673
fish_HERBPTAX,1314,epa_published,1871
fish_HERBPTAX,1819,legacy_r_app,1714
fish_HERBPTAX,2324,epa_published,1673
fish_ICTANTAX,1314,epa_published,1871
fish_ICTANTAX,1819,legacy_r_app,1714
fish_ICTANTAX,2324,epa_published,1673
fish_ICTAPIND,1314,epa_published,1871
fish_ICTAPIND,1819,legacy_r_app,1714
fish_ICTAPIND,2324,epa_published,1673
fish_ICTAPTAX,1314,epa_published,1871
fish_ICTAPTAX,1819,legacy_r_app,1714
fish_ICTAPTAX,2324,epa_published,1673
fish_INTLCARNNTAX,1314,epa_published,1871
fish_INTLCARNNTAX,1819,legacy_r_app,1714
fish_INTLCARNNTAX,2324,epa_published,1673
fish_INTLCARNPIND,1314,epa_published,1871
fish_INTLCARNPIND,1819,legacy_r_app,1714
fish_INTLCARNPIND,2324,epa_published,1673
fish_INTLCARNPTAX,1314,epa_published,1871
fish_INTLCARNPTAX,1819,legacy_r_app,1714
fish_INTLCARNPTAX,2324,epa_published,1673
fish_INTLINVNTAX,1314,epa_published,1871
fish_INTLINVNTAX,1819,legacy_r_app,1714
fish_INTLINVNTAX,2324,epa_published,1673
fish_INTLINVPIND,1314,epa_published,1871
fish_INTLINVPIND,1819,legacy_r_app,1714
fish_INTLINVPIND,2324,epa_published,1673
fish_INTLINVPTAX,1314,epa_published,1871
fish_INTLINVPTAX,1819,legacy_r_app,1714
fish_INTLINVPTAX,2324,epa_published,1673
fish_INTLLOTNTAX,1314,epa_published,1871
fish_INTLLOTNTAX,1819,legacy_r_app,1714
fish_INTLLOTNTAX,2324,epa_published,1673
fish_INTLLOTPIND,1314,epa_published,1871
fish_INTLLOTPIND,1819,legacy_r_app,1714
fish_INTLLOTPIND,2324,epa_published,1673
fish_INTLLOTPTAX,1314,epa_published,1871
fish_INTLLOTPTAX,1819,legacy_r_app,1714
fish_INTLLOTPTAX,2324,epa_published,1673
fish_INTLMIGRNTAX,1314,epa_published,1871
fish_INTLMIGRNTAX,1819,legacy_r_app,1714
fish_INTLMIGRNTAX,2324,epa_published,1673
fish_INTLMIGRPIND,1314,epa_published,1871
fish_INTLMIGRPIND,1819,legacy_r_app,1714
fish_INTLMIGRPIND,2324,epa_published,1673
fish_INTLMIGRPTAX,1314,epa_published,1871
fish_INTLMIGRPTAX,1819,legacy_r_app,1714
fish_INTLMIGRPTAX,2324,epa_published,1673
fish_INTLNTAX,1314,epa_published,2255
fish_INTLNTAX,1819,legacy_r_app,1714
fish_INTLNTAX,2324,epa_published,2094
fish_INTLPIND,1314,epa_published,2255
fish_INTLPIND,1819,legacy_r_app,1714
fish_INTLPIND,2324,epa_published,2094
fish_INTLPTAX,1314,epa_published,2255
fish_INTLPTAX,1819,legacy_r_app,1714
fish_INTLPTAX,2324,epa_published,2094
fish_INTLRHEONTAX,1314,epa_published,1871
fish_INTLRHEONTAX,1819,legacy_r_app,1714
fish_INTLRHEONTAX,2324,epa_published,1673
fish_INTLRHEOPIND,1314,epa_published,1871
fish_INTLRHEOPIND,1819,legacy_r_app,1714
fish_INTLRHEOPIND,2324,epa_published,1673
fish_INTLRHEOPTAX,1314,epa_published,1871
fish_INTLRHEOPTAX,1819,legacy_r_app,1714
fish_INTLRHEOPTAX,2324,epa_published,1673
fish_INVNTAX,1314,epa_published,1871
fish_INVNTAX,1819,legacy_r_app,1714
fish_INVNTAX,2324,epa_published,1673
fish_INVPIND,1314,epa_published,1871
fish_INVPIND,1819,legacy_r_app,1714
fish_INVPIND,2324,epa_published,1673
fish_INVPTAX,1314,epa_published,1871
fish_INVPTAX,1819,legacy_r_app,1714
fish_INVPTAX,2324,epa_published,1673
fish_LITHNTAX,1314,epa_published,1871
fish_LITHNTAX,1819,legacy_r_app,1714
fish_LITHNTAX,2324,epa_published,1673
fish_LITHPIND,1314,epa_published,1871
fish_LITHPIND,1819,legacy_r_app,1714
fish_LITHPIND,2324,epa_published,1673
fish_LITHPTAX,1314,epa_published,1871
fish_LITHPTAX,1819,legacy_r_app,1714
fish_LITHPTAX,2324,epa_published,1673
fish_LOTNTAX,1314,epa_published,1871
fish_LOTNTAX,1819,legacy_r_app,1714
fish_LOTNTAX,2324,epa_published,1673
fish_LOTPIND,1314,epa_published,1871
fish_LOTPIND,1819,legacy_r_app,1714
fish_LOTPIND,2324,epa_published,1673
fish_LOTPTAX,1314,epa_published,1871
fish_LOTPTAX,1819,legacy_r_app,1714
fish_LOTPTAX,2324,epa_published,1673
fish_MIGRNTAX,1314,epa_published,1871
fish_MIGRNTAX,1819,legacy_r_app,1714
fish_MIGRNTAX,2324,epa_published,1673
fish_MIGRPIND,1314,epa_published,1871
fish_MIGRPIND,1819,legacy_r_app,1714
fish_MIGRPIND,2324,epa_published,1673
fish_MIGRPTAX,1314,epa_published,1871
fish_MIGRPTAX,1819,legacy_r_app,1714
fish_MIGRPTAX,2324,epa_published,1673
fish_MTOLNTAX,1314,epa_published,1871
fish_MTOLNTAX,1819,legacy_r_app,1714
fish_MTOLNTAX,2324,epa_published,1673
fish_MTOLPIND,1314,epa_published,1871
fish_MTOLPIND,1819,legacy_r_app,1714
fish_MTOLPIND,2324,epa_published,1673
fish_MTOLPTAX,1314,epa_published,1871
fish_MTOLPTAX,1819,legacy_r_app,1714
fish_MTOLPTAX,2324,epa_published,1673
fish_NAT_BENTINVNTAX,1314,epa_published,1871
fish_NAT_BENTINVNTAX,1819,legacy_r_app,1714
fish_NAT_BENTINVNTAX,2324,epa_published,1673
fish_NAT_BENTINVPIND,1314,epa_published,1871
fish_NAT_BENTINVPIND,1819,legacy_r_app,1714
fish_NAT_BENTINVPIND,2324,epa_published,1673
fish_NAT_BENTINVPTAX,1314,epa_published,1871
fish_NAT_BENTINVPTAX,1819,legacy_r_app,1714
fish_NAT_BENTINVPTAX,2324,epa_published,1673
fish_NAT_CARNNTAX,1314,epa_published,1871
fish_NAT_CARNNTAX,1819,legacy_r_app,1714
fish_NAT_CARNNTAX,2324,epa_published,1673
fish_NAT_CARNPIND,1314,epa_published,1871
fish_NAT_CARNPIND,1819,legacy_r_app,1714
fish_NAT_CARNPIND,2324,epa_published,1673
fish_NAT_CARNPTAX,1314,epa_published,1871
fish_NAT_CARNPTAX,1819,legacy_r_app,1714
fish_NAT_CARNPTAX,2324,epa_published,1673
fish_NAT_CATONTAX,1314,epa_published,1871
fish_NAT_CATONTAX,1819,legacy_r_app,1714
fish_NAT_CATONTAX,2324,epa_published,1673
fish_NAT_CATOPIND,1314,epa_published,1871
fish_NAT_CATOPIND,1819,legacy_r_app,1714
fish_NAT_CATOPIND,2324,epa_published,1673
fish_NAT_CATOPTAX,1314,epa_published,1871
fish_NAT_CATOPTAX,1819,legacy_r_app,1714
fish_NAT_CATOPTAX,2324,epa_published,1673
fish_NAT_CENTNTAX,1314,epa_published,1871
fish_NAT_CENTNTAX,1819,legacy_r_app,1714
fish_NAT_CENTNTAX,2324,epa_published,1673
fish_NAT_CENTPIND,1314,epa_published,1871
fish_NAT_CENTPIND,1819,legacy_r_app,1714
fish_NAT_CENTPIND,2324,epa_published,1673
fish_NAT_CENTPTAX,1314,epa_published,1871
fish_NAT_CENTPTAX,1819,legacy_r_app,1714
fish_NAT_CENTPTAX,2324,epa_published,1673
fish_NAT_COLDNTAX,1314,epa_published,1871
fish_NAT_COLDNTAX,1819,legacy_r_app,1714
fish_NAT_COLDNTAX,2324,epa_published,1673
fish_NAT_COLDPIND,1314,epa_published,1871
fish_NAT_COLDPIND,1819,legacy_r_app,1714
fish_NAT_COLDPIND,2324,epa_published,1673
fish_NAT_COLDPTAX,1314,epa_published,1871
fish_NAT_COLDPTAX,1819,legacy_r_app,1714
fish_NAT_COLDPTAX,2324,epa_published,1673
fish_NAT_CYPRNTAX,1314,epa_published,1871
fish_NAT_CYPRNTAX,1819,legacy_r_app,1714
fish_NAT_CYPRNTAX,2324,epa_published,1673
fish_NAT_CYPRPIND,1314,epa_published,1871
fish_NAT_CYPRPIND,1819,legacy_r_app,1714
fish_NAT_CYPRPIND,2324,epa_published,1673
fish_NAT_CYPRPTAX,1314,epa_published,1871
fish_NAT_CYPRPTAX,1819,legacy_r_app,1714
fish_NAT_CYPRPTAX,2324,epa_published,1673
fish_NAT_HERBNTAX,1314,epa_published,1871
fish_NAT_HERBNTAX,1819,legacy_r_app,1714
fish_NAT_HERBNTAX,2324,epa_published,1673
fish_NAT_HERBPIND,1314,epa_published,1871
fish_NAT_HERBPIND,1819,legacy_r_app,1714
fish_NAT_HERBPIND,2324,epa_published,1673
fish_NAT_HERBPTAX,1314,epa_published,1871
fish_NAT_HERBPTAX,1819,legacy_r_app,1714
fish_NAT_HERBPTAX,2324,epa_published,1673
fish_NAT_ICTANTAX,1314,epa_published,1871
fish_NAT_ICTANTAX,1819,legacy_r_app,1714
fish_NAT_ICTANTAX,2324,epa_published,1673
fish_NAT_ICTAPIND,1314,epa_published,1871
fish_NAT_ICTAPIND,1819,legacy_r_app,1714
fish_NAT_ICTAPIND,2324,epa_published,1673
fish_NAT_ICTAPTAX,1314,epa_published,1871
fish_NAT_ICTAPTAX,1819,legacy_r_app,1714
fish_NAT_ICTAPTAX,2324,epa_published,1673
fish_NAT_INTLCARNNTAX,1314,epa_published,1871
fish_NAT_INTLCARNNTAX,1819,legacy_r_app,1714
fish_NAT_INTLCARNNTAX,2324,epa_published,1673
fish_NAT_INTLCARNPIND,1314,epa_published,1871
fish_NAT_INTLCARNPIND,1819,legacy_r_app,1714
fish_NAT_INTLCARNPIND,2324,epa_published,1673
fish_NAT_INTLCARNPTAX,1314,epa_published,1871
fish_NAT_INTLCARNPTAX,1819,legacy_r_app,1714
fish_NAT_INTLCARNPTAX,2324,epa_published,1673
fish_NAT_INTLINVNTAX,1314,epa_published,1871
fish_NAT_INTLINVNTAX,1819,legacy_r_app,1714
fish_NAT_INTLINVNTAX,2324,epa_published,1673
fish_NAT_INTLINVPIND,1314,epa_published,1871
fish_NAT_INTLINVPIND,1819,legacy_r_app,1714
fish_NAT_INTLINVPIND,2324,epa_published,1673
fish_NAT_INTLINVPTAX,1314,epa_published,1871
fish_NAT_INTLINVPTAX,1819,legacy_r_app,1714
fish_NAT_INTLINVPTAX,2324,epa_published,1673
fish_NAT_INTLLOTNTAX,1314,epa_published,1871
fish_NAT_INTLLOTNTAX,1819,legacy_r_app,1714
fish_NAT_INTLLOTNTAX,2324,epa_published,1673
fish_NAT_INTLLOTPIND,1314,epa_published,1871
fish_NAT_INTLLOTPIND,1819,legacy_r_app,1714
fish_NAT_INTLLOTPIND,2324,epa_published,1673
fish_NAT_INTLLOTPTAX,1314,epa_published,1871
fish_NAT_INTLLOTPTAX,1819,legacy_r_app,1714
fish_NAT_INTLLOTPTAX,2324,epa_published,1673
fish_NAT_INTLMIGRNTAX,1314,epa_published,1871
fish_NAT_INTLMIGRNTAX,1819,legacy_r_app,1714
fish_NAT_INTLMIGRNTAX,2324,epa_published,1673
fish_NAT_INTLMIGRPIND,1314,epa_published,1871
fish_NAT_INTLMIGRPIND,1819,legacy_r_app,1714
fish_NAT_INTLMIGRPIND,2324,epa_published,1673
fish_NAT_INTLMIGRPTAX,1314,epa_published,1871
fish_NAT_INTLMIGRPTAX,1819,legacy_r_app,1714
fish_NAT_INTLMIGRPTAX,2324,epa_published,1673
fish_NAT_INTLNTAX,1314,epa_published,1871
fish_NAT_INTLNTAX,1819,legacy_r_app,1714
fish_NAT_INTLNTAX,2324,epa_published,1673
fish_NAT_INTLPIND,1314,epa_published,1871
fish_NAT_INTLPIND,1819,legacy_r_app,1714
fish_NAT_INTLPIND,2324,epa_published,1673
fish_NAT_INTLPTAX,1314,epa_published,1871
fish_NAT_INTLPTAX,1819,legacy_r_app,1714
fish_NAT_INTLPTAX,2324,epa_published,1673
fish_NAT_INTLRHEONTAX,1314,epa_published,1871
fish_NAT_INTLRHEONTAX,1819,legacy_r_app,1714
fish_NAT_INTLRHEONTAX,2324,epa_published,1673
fish_NAT_INTLRHEOPIND,1314,epa_published,1871
fish_NAT_INTLRHEOPIND,1819,legacy_r_app,1714
fish_NAT_INTLRHEOPIND,2324,epa_published,1673
fish_NAT_INTLRHEOPTAX,1314,epa_published,1871
fish_NAT_INTLRHEOPTAX,1819,legacy_r_app,1714
fish_NAT_INTLRHEOPTAX,2324,epa_published,1673
fish_NAT_INVNTAX,1314,epa_published,1871
fish_NAT_INVNTAX,1819,legacy_r_app,1714
fish_NAT_INVNTAX,2324,epa_published,1673
fish_NAT_INVPIND,1314,epa_published,1871
fish_NAT_INVPIND,1819,legacy_r_app,1714
fish_NAT_INVPIND,2324,epa_published,1673
fish_NAT_INVPTAX,1314,epa_published,1871
fish_NAT_INVPTAX,1819,legacy_r_app,1714
fish_NAT_INVPTAX,2324,epa_published,1673
fish_NAT_LITHNTAX,1314,epa_published,1871
fish_NAT_LITHNTAX,1819,legacy_r_app,1714
fish_NAT_LITHNTAX,2324,epa_published,1673
fish_NAT_LITHPIND,1314,epa_published,1871
fish_NAT_LITHPIND,1819,legacy_r_app,1714
fish_NAT_LITHPIND,2324,epa_published,1673
fish_NAT_LITHPTAX,1314,epa_published,1871
fish_NAT_LITHPTAX,1819,legacy_r_app,1714
fish_NAT_LITHPTAX,2324,epa_published,1673
fish_NAT_LOTNTAX,1314,epa_published,1871
fish_NAT_LOTNTAX,1819,legacy_r_app,1714
fish_NAT_LOTNTAX,2324,epa_published,1673
fish_NAT_LOTPIND,1314,epa_published,1871
fish_NAT_LOTPIND,1819,legacy_r_app,1714
fish_NAT_LOTPIND,2324,epa_published,1673
fish_NAT_LOTPTAX,1314,epa_published,1871
fish_NAT_LOTPTAX,1819,legacy_r_app,1714
fish_NAT_LOTPTAX,2324,epa_published,1673
fish_NAT_MIGRNTAX,1314,epa_published,1871
fish_NAT_MIGRNTAX,1819,legacy_r_app,1714
fish_NAT_MIGRNTAX,2324,epa_published,1673
fish_NAT_MIGRPIND,1314,epa_published,1871
fish_NAT_MIGRPIND,1819,legacy_r_app,1714
fish_NAT_MIGRPIND,2324,epa_published,1673
fish_NAT_MIGRPTAX,1314,epa_published,1871
fish_NAT_MIGRPTAX,1819,legacy_r_app,1714
fish_NAT_MIGRPTAX,2324,epa_published,1673
fish_NAT_MTOLNTAX,1314,epa_published,1871
fish_NAT_MTOLNTAX,1819,legacy_r_app,1714
fish_NAT_MTOLNTAX,2324,epa_published,1673
fish_NAT_MTOLPIND,1314,epa_published,1871
fish_NAT_MTOLPIND,1819,legacy_r_app,1714
fish_NAT_MTOLPIND,2324,epa_published,1673
fish_NAT_MTOLPTAX,1314,epa_published,1871
fish_NAT_MTOLPTAX,1819,legacy_r_app,1714
fish_NAT_MTOLPTAX,2324,epa_published,1673
fish_NAT_NTOLBENTNTAX,1314,epa_published,1871
fish_NAT_NTOLBENTNTAX,1819,legacy_r_app,1714
fish_NAT_NTOLBENTNTAX,2324,epa_published,1673
fish_NAT_NTOLBENTPIND,1314,epa_published,1871
fish_NAT_NTOLBENTPIND,1819,legacy_r_app,1714
fish_NAT_NTOLBENTPIND,2324,epa_published,1673
fish_NAT_NTOLBENTPTAX,1314,epa_published,1871
fish_NAT_NTOLBENTPTAX,1819,legacy_r_app,1714
fish_NAT_NTOLBENTPTAX,2324,epa_published,1673
fish_NAT_NTOLCARNNTAX,1314,epa_published,1871
fish_NAT_NTOLCARNNTAX,1819,legacy_r_app,1714
fish_NAT_NTOLCARNNTAX,2324,epa_published,1673
fish_NAT_NTOLCARNPIND,1314,epa_published,1871
fish_NAT_NTOLCARNPIND,1819,legacy_r_app,1714
fish_NAT_NTOLCARNPIND,2324,epa_published,1673
fish_NAT_NTOLCARNPTAX,1314,epa_published,1871
fish_NAT_NTOLCARNPTAX,1819,legacy_r_app,1714
fish_NAT_NTOLCARNPTAX,2324,epa_published,1673
fish_NAT_NTOLINVNTAX,1314,epa_published,1871
fish_NAT_NTOLINVNTAX,1819,legacy_r_app,1714
fish_NAT_NTOLINVNTAX,2324,epa_published,1673
fish_NAT_NTOLINVPIND,1314,epa_published,1871
fish_NAT_NTOLINVPIND,1819,legacy_r_app,1714
fish_NAT_NTOLINVPIND,2324,epa_published,1673
fish_NAT_NTOLINVPTAX,1314,epa_published,1871
fish_NAT_NTOLINVPTAX,1819,legacy_r_app,1714
fish_NAT_NTOLINVPTAX,2324,epa_published,1673
fish_NAT_NTOLNTAX,1314,epa_published,1871
fish_NAT_NTOLNTAX,1819,legacy_r_app,1714
fish_NAT_NTOLNTAX,2324,epa_published,1673
fish_NAT_NTOLPIND,1314,epa_published,1871
fish_NAT_NTOLPIND,1819,legacy_r_app,1714
fish_NAT_NTOLPIND,2324,epa_published,1673
fish_NAT_NTOLPTAX,1314,epa_published,1871
fish_NAT_NTOLPTAX,1819,legacy_r_app,1714
fish_NAT_NTOLPTAX,2324,epa_published,1673
fish_NAT_OMNINTAX,1314,epa_published,1871
fish_NAT_OMNINTAX,1819,legacy_r_app,1714
fish_NAT_OMNINTAX,2324,epa_published,1673
fish_NAT_OMNIPIND,1314,epa_published,1871
fish_NAT_OMNIPIND,1819,legacy_r_app,1714
fish_NAT_OMNIPIND,2324,epa_published,1673
fish_NAT_OMNIPTAX,1314,epa_published,1871
fish_NAT_OMNIPTAX,1819,legacy_r_app,1714
fish_NAT_OMNIPTAX,2324,epa_published,1673
fish_NAT_PIND,1314,epa_published,1871
fish_NAT_PIND,1819,legacy_r_app,1714
fish_NAT_PIND,2324,epa_published,1673
fish_NAT_PTAX,1314,epa_published,1871
fish_NAT_PTAX,1819,legacy_r_app,1714
fish_NAT_PTAX,2324,epa_published,1673
fish_NAT_RBCATONTAX,1314,epa_published,1871
fish_NAT_RBCATONTAX,1819,legacy_r_app,1714
fish_NAT_RBCATONTAX,2324,epa_published,1673
fish_NAT_RBCATOPIND,1314,epa_published,1871
fish_NAT_RBCATOPIND,1819,legacy_r_app,1714
fish_NAT_RBCATOPIND,2324,epa_published,1673
fish_NAT_RBCATOPTAX,1314,epa_published,1871
fish_NAT_RBCATOPTAX,1819,legacy_r_app,1714
fish_NAT_RBCATOPTAX,2324,epa_published,1673
fish_NAT_RHEONTAX,1314,epa_published,1871
fish_NAT_RHEONTAX,1819,legacy_r_app,1714
fish_NAT_RHEONTAX,2324,epa_published,1673
fish_NAT_RHEOPIND,1314,epa_published,1871
fish_NAT_RHEOPIND,1819,legacy_r_app,1714
fish_NAT_RHEOPIND,2324,epa_published,1673
fish_NAT_RHEOPTAX,1314,epa_published,1871
fish_NAT_RHEOPTAX,1819,legacy_r_app,1714
fish_NAT_RHEOPTAX,2324,epa_published,1673
fish_NAT_SALMNTAX,1314,epa_published,1871
fish_NAT_SALMNTAX,1819,legacy_r_app,1714
fish_NAT_SALMNTAX,2324,epa_published,1673
fish_NAT_SALMPIND,1314,epa_published,1871
fish_NAT_SALMPIND,1819,legacy_r_app,1714
fish_NAT_SALMPIND,2324,epa_published,1673
fish_NAT_SALMPTAX,1314,epa_published,1871
fish_NAT_SALMPTAX,1819,legacy_r_app,1714
fish_NAT_SALMPTAX,2324,epa_published,1673
fish_NAT_TOLRNTAX,1314,epa_published,1871
fish_NAT_TOLRNTAX,1819,legacy_r_app,1714
fish_NAT_TOLRNTAX,2324,epa_published,1673
fish_NAT_TOLRPIND,1314,epa_published,1871
fish_NAT_TOLRPIND,1819,legacy_r_app,1714
fish_NAT_TOLRPIND,2324,epa_published,1673
fish_NAT_TOLRPTAX,1314,epa_published,1871
fish_NAT_TOLRPTAX,1819,legacy_r_app,1714
fish_NAT_TOLRPTAX,2324,epa_published,1673
fish_NAT_TOTLNIND,1314,epa_published,1871
fish_NAT_TOTLNIND,1819,legacy_r_app,1714
fish_NAT_TOTLNIND,2324,epa_published,1673
fish_NAT_TOTLNTAX,1314,epa_published,1871
fish_NAT_TOTLNTAX,1819,legacy_r_app,1714
fish_NAT_TOTLNTAX,2324,epa_published,1673
fish_NAT_WTD_TV,1314,epa_published,1762
fish_NAT_WTD_TV,1819,legacy_r_app,1616
fish_NAT_WTD_TV,2324,epa_published,1571
fish_NTOLBENTNTAX,1314,epa_published,1871
fish_NTOLBENTNTAX,1819,legacy_r_app,1714
fish_NTOLBENTNTAX,2324,epa_published,1673
fish_NTOLBENTPIND,1314,epa_published,1871
fish_NTOLBENTPIND,1819,legacy_r_app,1714
fish_NTOLBENTPIND,2324,epa_published,1673
fish_NTOLBENTPTAX,1314,epa_published,1871
fish_NTOLBENTPTAX,1819,legacy_r_app,1714
fish_NTOLBENTPTAX,2324,epa_published,1673
fish_NTOLCARNNTAX,1314,epa_published,1871
fish_NTOLCARNNTAX,1819,legacy_r_app,1714
fish_NTOLCARNNTAX,2324,epa_published,1673
fish_NTOLCARNPIND,1314,epa_published,1871
fish_NTOLCARNPIND,1819,legacy_r_app,1714
fish_NTOLCARNPIND,2324,epa_published,1673
fish_NTOLCARNPTAX,1314,epa_published,1871
fish_NTOLCARNPTAX,1819,legacy_r_app,1714
fish_NTOLCARNPTAX,2324,epa_published,1673
fish_NTOLINVNTAX,1314,epa_published,1871
fish_NTOLINVNTAX,1819,legacy_r_app,1714
fish_NTOLINVNTAX,2324,epa_published,1673
fish_NTOLINVPIND,1314,epa_published,1871
fish_NTOLINVPIND,1819,legacy_r_app,1714
fish_NTOLINVPIND,2324,epa_published,1673
fish_NTOLINVPTAX,1314,epa_published,1871
fish_NTOLINVPTAX,1819,legacy_r_app,1714
fish_NTOLINVPTAX,2324,epa_published,1673
fish_NTOLNTAX,1314,epa_published,2255
fish_NTOLNTAX,1819,legacy_r_app,1714
fish_NTOLNTAX,2324,epa_published,2094
fish_NTOLPIND,1314,epa_published,2255
fish_NTOLPIND,1819,legacy_r_app,1714
fish_NTOLPIND,2324,epa_published,2094
fish_NTOLPTAX,1314,epa_published,2255
fish_NTOLPTAX,1819,legacy_r_app,1714
fish_NTOLPTAX,2324,epa_published,2094
fish_OMNINTAX,1314,epa_published,1871
fish_OMNINTAX,1819,legacy_r_app,1714
fish_OMNINTAX,2324,epa_published,1673
fish_OMNIPIND,1314,epa_published,1871
fish_OMNIPIND,1819,legacy_r_app,1714
fish_OMNIPIND,2324,epa_published,1673
fish_OMNIPTAX,1314,epa_published,1871
fish_OMNIPTAX,1819,legacy_r_app,1714
fish_OMNIPTAX,2324,epa_published,1673
fish_RBCATONTAX,1314,epa_published,1871
fish_RBCATONTAX,1819,legacy_r_app,1714
fish_RBCATONTAX,2324,epa_published,1673
fish_RBCATOPIND,1314,epa_published,1871
fish_RBCATOPIND,1819,legacy_r_app,1714
fish_RBCATOPIND,2324,epa_published,1673
fish_RBCATOPTAX,1314,epa_published,1871
fish_RBCATOPTAX,1819,legacy_r_app,1714
fish_RBCATOPTAX,2324,epa_published,1673
fish_RHEONTAX,1314,epa_published,1871
fish_RHEONTAX,1819,legacy_r_app,1714
fish_RHEONTAX,2324,epa_published,1673
fish_RHEOPIND,1314,epa_published,1871
fish_RHEOPIND,1819,legacy_r_app,1714
fish_RHEOPIND,2324,epa_published,1673
fish_RHEOPTAX,1314,epa_published,1871
fish_RHEOPTAX,1819,legacy_r_app,1714
fish_RHEOPTAX,2324,epa_published,1673
fish_SALMNTAX,1314,epa_published,1871
fish_SALMNTAX,1819,legacy_r_app,1714
fish_SALMNTAX,2324,epa_published,1673
fish_SALMPIND,1314,epa_published,1871
fish_SALMPIND,1819,legacy_r_app,1714
fish_SALMPIND,2324,epa_published,1673
fish_SALMPTAX,1314,epa_published,1871
fish_SALMPTAX,1819,legacy_r_app,1714
fish_SALMPTAX,2324,epa_published,1673
fish_TOLRNTAX,1314,epa_published,2255
fish_TOLRNTAX,1819,legacy_r_app,1714
fish_TOLRNTAX,2324,epa_published,2094
fish_TOLRPIND,1314,epa_published,2255
fish_TOLRPIND,1819,legacy_r_app,1714
fish_TOLRPIND,2324,epa_published,2094
fish_TOLRPTAX,1314,epa_published,2255
fish_TOLRPTAX,1819,legacy_r_app,1714
fish_TOLRPTAX,2324,epa_published,2094
fish_TOTLNIND,1314,epa_published,2255
fish_TOTLNIND,1819,legacy_r_app,1767
fish_TOTLNIND,2324,epa_published,2094
fish_TOTLNTAX,1314,epa_published,2255
fish_TOTLNTAX,1819,legacy_r_app,1710
fish_TOTLNTAX,2324,epa_published,2094
fish_WTD_TV,1314,epa_published,2255
fish_WTD_TV,1819,legacy_r_app,1693
fish_WTD_TV,2324,epa_published,2094
land_AGKFFACTWS,1819,epa_published,1919
land_AL2O3WS,1819,epa_published,1919
land_AWCHWS,1819,epa_published,1919
land_BDHWS,1819,epa_published,1919
land_BFIWS,1819,epa_published,1919
land_CANALDENSWS,1819,epa_published,1919
land_CAOWS,1819,epa_published,1919
land_CATAREASQKM,1819,epa_published,1919
land_CBNFWS,1819,epa_published,1919
land_CLAYWS,1819,epa_published,1919
land_COALMINEDENSWS,1819,epa_published,1919
land_COMPSTRGTHWS,1819,epa_published,1919
land_DAMDENSWS,1819,epa_published,1919
land_DAMNIDSTORWS,1819,epa_published,1919
land_DAMNRMSTORWS,1819,epa_published,1919
land_ELEVWS,1819,epa_published,1919
land_ETWS,1819,epa_published,1919
land_FE2O3WS,1819,epa_published,1919
land_FERTWS,1819,epa_published,1919
land_FSTFRZWS,1819,epa_published,1919
land_GEOL_HUNT_DOM_PCT_WS,1819,epa_published,1919
land_GEOL_REEDBUSH_DOM_PCT_WS,1819,epa_published,1919
land_HUDEN2010WS,1819,epa_published,1919
land_HYDRLCONDWS,1819,epa_published,1919
land_INORGNWETDEP_2008WS,1819,epa_published,1919
land_K2OWS,1819,epa_published,1919
land_KFFACTWS,1819,epa_published,1919
land_LSTFRZWS,1819,epa_published,1919
land_MANUREWS,1819,epa_published,1919
land_MGOWS,1819,epa_published,1919
land_MINEDENSWS,1819,epa_published,1919
land_NA2OWS,1819,epa_published,1919
land_NABD_DENSWS,1819,epa_published,1919
land_NABD_NIDSTORWS,1819,epa_published,1919
land_NABD_NRMSTORWS,1819,epa_published,1919
land_NH4_2008WS,1819,epa_published,1919
land_NO3_2008WS,1819,epa_published,1919
land_NPDESDENSWS,1819,epa_published,1919
land_NWS,1819,epa_published,1919
land_OMHWS,1819,epa_published,1919
land_OMWS,1819,epa_published,1919
land_P2O5WS,1819,epa_published,1919
land_PCTAG2006SLP10WS,1819,epa_published,1919
land_PCTAG2006SLP20WS,1819,epa_published,1919
land_PCTALKINTRUVOLWS,1819,epa_published,1919
land_PCTALLUVCOASTWS,1819,epa_published,1919
land_PCTBL2001WS,1819,epa_published,1919
land_PCTBL2004WS,1819,epa_published,1919
land_PCTBL2006WS,1819,epa_published,1919
land_PCTBL2008WS,1819,epa_published,1919
land_PCTBL2011WS,1819,epa_published,1919
land_PCTBL2013WS,1819,epa_published,1919
land_PCTBL2016WS,1819,epa_published,1919
land_PCTBL2019WS,1819,epa_published,1919
land_PCTCARBONATEWS,1819,epa_published,1919
land_PCTCARBRESIDWS,1819,epa_published,1919
land_PCTCOASTCRSWS,1819,epa_published,1919
land_PCTCOLLUVSEDWS,1819,epa_published,1919
land_PCTCONIF2001WS,1819,epa_published,1919
land_PCTCONIF2004WS,1819,epa_published,1919
land_PCTCONIF2006WS,1819,epa_published,1919
land_PCTCONIF2008WS,1819,epa_published,1919
land_PCTCONIF2011WS,1819,epa_published,1919
land_PCTCONIF2013WS,1819,epa_published,1919
land_PCTCONIF2016WS,1819,epa_published,1919
land_PCTCONIF2019WS,1819,epa_published,1919
land_PCTCROP2001WS,1819,epa_published,1919
land_PCTCROP2004WS,1819,epa_published,1919
land_PCTCROP2006WS,1819,epa_published,1919
land_PCTCROP2008WS,1819,epa_published,1919
land_PCTCROP2011WS,1819,epa_published,1919
land_PCTCROP2013WS,1819,epa_published,1919
land_PCTCROP2016WS,1819,epa_published,1919
land_PCTCROP2019WS,1819,epa_published,1919
land_PCTDECID2001WS,1819,epa_published,1919
land_PCTDECID2004WS,1819,epa_published,1919
land_PCTDECID2006WS,1819,epa_published,1919
land_PCTDECID2008WS,1819,epa_published,1919
land_PCTDECID2011WS,1819,epa_published,1919
land_PCTDECID2013WS,1819,epa_published,1919
land_PCTDECID2016WS,1819,epa_published,1919
land_PCTDECID2019WS,1819,epa_published,1919
land_PCTEOLCRSWS,1819,epa_published,1919
land_PCTEOLFINEWS,1819,epa_published,1919
land_PCTEXTRUVOLWS,1819,epa_published,1919
land_PCTFIRE2000WS,1819,epa_published,1919
land_PCTFIRE2001WS,1819,epa_published,1919
land_PCTFIRE2002WS,1819,epa_published,1919
land_PCTFIRE2003WS,1819,epa_published,1919
land_PCTFIRE2004WS,1819,epa_published,1919
land_PCTFIRE2005WS,1819,epa_published,1919
land_PCTFIRE2006WS,1819,epa_published,1919
land_PCTFIRE2007WS,1819,epa_published,1919
land_PCTFIRE2008WS,1819,epa_published,1919
land_PCTFIRE2009WS,1819,epa_published,1919
land_PCTFIRE2010WS,1819,epa_published,1919
land_PCTFRSTLOSS2001WS,1819,epa_published,1919
land_PCTFRSTLOSS2002WS,1819,epa_published,1919
land_PCTFRSTLOSS2003WS,1819,epa_published,1919
land_PCTFRSTLOSS2004WS,1819,epa_published,1919
land_PCTFRSTLOSS2005WS,1819,epa_published,1919
land_PCTFRSTLOSS2006WS,1819,epa_published,1919
land_PCTFRSTLOSS2007WS,1819,epa_published,1919
land_PCTFRSTLOSS2008WS,1819,epa_published,1919
land_PCTFRSTLOSS2009WS,1819,epa_published,1919
land_PCTFRSTLOSS2010WS,1819,epa_published,1919
land_PCTFRSTLOSS2011WS,1819,epa_published,1919
land_PCTFRSTLOSS2012WS,1819,epa_published,1919
land_PCTFRSTLOSS2013WS,1819,epa_published,1919
land_PCTGLACLAKECRSWS,1819,epa_published,1919
land_PCTGLACLAKEFINEWS,1819,epa_published,1919
land_PCTGLACTILCLAYWS,1819,epa_published,1919
land_PCTGLACTILCRSWS,1819,epa_published,1919
land_PCTGLACTILLOAMWS,1819,epa_published,1919
land_PCTGRS2001WS,1819,epa_published,1919
land_PCTGRS2004WS,1819,epa_published,1919
land_PCTGRS2006WS,1819,epa_published,1919
land_PCTGRS2008WS,1819,epa_published,1919
land_PCTGRS2011WS,1819,epa_published,1919
land_PCTGRS2013WS,1819,epa_published,1919
land_PCTGRS2016WS,1819,epa_published,1919
land_PCTGRS2019WS,1819,epa_published,1919
land_PCTHAY2001WS,1819,epa_published,1919
land_PCTHAY2004WS,1819,epa_published,1919
land_PCTHAY2006WS,1819,epa_published,1919
land_PCTHAY2008WS,1819,epa_published,1919
land_PCTHAY2011WS,1819,epa_published,1919
land_PCTHAY2013WS,1819,epa_published,1919
land_PCTHAY2016WS,1819,epa_published,1919
land_PCTHAY2019WS,1819,epa_published,1919
land_PCTHBWET2001WS,1819,epa_published,1919
land_PCTHBWET2004WS,1819,epa_published,1919
land_PCTHBWET2006WS,1819,epa_published,1919
land_PCTHBWET2008WS,1819,epa_published,1919
land_PCTHBWET2011WS,1819,epa_published,1919
land_PCTHBWET2013WS,1819,epa_published,1919
land_PCTHBWET2016WS,1819,epa_published,1919
land_PCTHBWET2019WS,1819,epa_published,1919
land_PCTHYDRICWS,1819,epa_published,1919
land_PCTICE2001WS,1819,epa_published,1919
land_PCTICE2004WS,1819,epa_published,1919
land_PCTICE2006WS,1819,epa_published,1919
land_PCTICE2008WS,1819,epa_published,1919
land_PCTICE2011WS,1819,epa_published,1919
land_PCTICE2013WS,1819,epa_published,1919
land_PCTICE2016WS,1819,epa_published,1919
land_PCTICE2019WS,1819,epa_published,1919
land_PCTIMP2001WS,1819,epa_published,1919
land_PCTIMP2004WS,1819,epa_published,1919
land_PCTIMP2006WS,1819,epa_published,1919
land_PCTIMP2008WS,1819,epa_published,1919
land_PCTIMP2011WS,1819,epa_published,1919
land_PCTIMP2013WS,1819,epa_published,1919
land_PCTIMP2016WS,1819,epa_published,1919
land_PCTIMP2019WS,1819,epa_published,1919
land_PCTMXFST2001WS,1819,epa_published,1919
land_PCTMXFST2004WS,1819,epa_published,1919
land_PCTMXFST2006WS,1819,epa_published,1919
land_PCTMXFST2008WS,1819,epa_published,1919
land_PCTMXFST2011WS,1819,epa_published,1919
land_PCTMXFST2013WS,1819,epa_published,1919
land_PCTMXFST2016WS,1819,epa_published,1919
land_PCTMXFST2019WS,1819,epa_published,1919
land_PCTNONAGINTRODMANAGVEGWS,1819,epa_published,1919
land_PCTNONCARBRESIDWS,1819,epa_published,1919
land_PCTNOT_PRINCIPLEWS,1819,epa_published,1919
land_PCTOW2001WS,1819,epa_published,1919
land_PCTOW2004WS,1819,epa_published,1919
land_PCTOW2006WS,1819,epa_published,1919
land_PCTOW2008WS,1819,epa_published,1919
land_PCTOW2011WS,1819,epa_published,1919
land_PCTOW2013WS,1819,epa_published,1919
land_PCTOW2016WS,1819,epa_published,1919
land_PCTOW2019WS,1819,epa_published,1919
land_PCTSALLAKEWS,1819,epa_published,1919
land_PCTSANDSTONEWS,1819,epa_published,1919
land_PCTSANDSTONE_CARBONATEWS,1819,epa_published,1919
land_PCTSEMICONSOL_SANDWS,1819,epa_published,1919
land_PCTSHRB2001WS,1819,epa_published,1919
land_PCTSHRB2004WS,1819,epa_published,1919
land_PCTSHRB2006WS,1819,epa_published,1919
land_PCTSHRB2008WS,1819,epa_published,1919
land_PCTSHRB2011WS,1819,epa_published,1919
land_PCTSHRB2013WS,1819,epa_published,1919
land_PCTSHRB2016WS,1819,epa_published,1919
land_PCTSHRB2019WS,1819,epa_published,1919
land_PCTSILICICWS,1819,epa_published,1919
land_PCTUNCONSOL_SAND_GRAVELWS,1819,epa_published,1919
land_PCTURBHI2001WS,1819,epa_published,1919
land_PCTURBHI2004WS,1819,epa_published,1919
land_PCTURBHI2006WS,1819,epa_published,1919
land_PCTURBHI2008WS,1819,epa_published,1919
land_PCTURBHI2011WS,1819,epa_published,1919
land_PCTURBHI2013WS,1819,epa_published,1919
land_PCTURBHI2016WS,1819,epa_published,1919
land_PCTURBHI2019WS,1819,epa_published,1919
land_PCTURBLO2001WS,1819,epa_published,1919
land_PCTURBLO2004WS,1819,epa_published,1919
land_PCTURBLO2006WS,1819,epa_published,1919
land_PCTURBLO2008WS,1819,epa_published,1919
land_PCTURBLO2011WS,1819,epa_published,1919
land_PCTURBLO2013WS,1819,epa_published,1919
land_PCTURBLO2016WS,1819,epa_published,1919
land_PCTURBLO2019WS,1819,epa_published,1919
land_PCTURBMD2001WS,1819,epa_published,1919
land_PCTURBMD2004WS,1819,epa_published,1919
land_PCTURBMD2006WS,1819,epa_published,1919
land_PCTURBMD2008WS,1819,epa_published,1919
land_PCTURBMD2011WS,1819,epa_published,1919
land_PCTURBMD2013WS,1819,epa_published,1919
land_PCTURBMD2016WS,1819,epa_published,1919
land_PCTURBMD2019WS,1819,epa_published,1919
land_PCTURBOP2001WS,1819,epa_published,1919
land_PCTURBOP2004WS,1819,epa_published,1919
land_PCTURBOP2006WS,1819,epa_published,1919
land_PCTURBOP2008WS,1819,epa_published,1919
land_PCTURBOP2011WS,1819,epa_published,1919
land_PCTURBOP2013WS,1819,epa_published,1919
land_PCTURBOP2016WS,1819,epa_published,1919
land_PCTURBOP2019WS,1819,epa_published,1919
land_PCTVOLCANICWS,1819,epa_published,1919
land_PCTWATERWS,1819,epa_published,1919
land_PCTWDWET2001WS,1819,epa_published,1919
land_PCTWDWET2004WS,1819,epa_published,1919
land_PCTWDWET2006WS,1819,epa_published,1919
land_PCTWDWET2008WS,1819,epa_published,1919
land_PCTWDWET2011WS,1819,epa_published,1919
land_PCTWDWET2013WS,1819,epa_published,1919
land_PCTWDWET2016WS,1819,epa_published,1919
land_PCTWDWET2019WS,1819,epa_published,1919
land_PERDUNWS,1819,epa_published,1919
land_PERHORWS,1819,epa_published,1916
land_PERMHWS,1819,epa_published,1919
land_PERMWS,1819,epa_published,1919
land_PESTIC97WS,1819,epa_published,1919
land_PMAXWS,1819,epa_published,1919
land_PMINWS,1819,epa_published,1919
land_POPDEN2010WS,1819,epa_published,1919
land_PRECIP08WS,1819,epa_published,1919
land_PRECIP09WS,1819,epa_published,1919
land_PRECIP8110WS,1819,epa_published,1919
land_PSUMPY_2004WS,1819,epa_published,1919
land_PSUMPY_2005WS,1819,epa_published,1919
land_PSUMPY_2008WS,1819,epa_published,1919
land_PSUMPY_2009WS,1819,epa_published,1919
land_PSUMPY_2013WS,1819,epa_published,1919
land_PSUMPY_2014WS,1819,epa_published,1919
land_PSUMPY_2018WS,1819,epa_published,1919
land_PSUMPY_2019WS,1819,epa_published,1919
land_RCKDEPWS,1819,epa_published,1919
land_RDCRSSLPWTDWS,1819,epa_published,1919
land_RDCRSWS,1819,epa_published,1919
land_RDDENSWS,1819,epa_published,1919
land_RDHWS,1819,epa_published,1919
land_RHMEANWS,1819,epa_published,1919
land_RUNOFFWS,1819,epa_published,1919
land_SANDWS,1819,epa_published,1919
land_SIO2WS,1819,epa_published,1919
land_SN_2008WS,1819,epa_published,1919
land_SUPERFUNDDENSWS,1819,epa_published,1919
land_SWS,1819,epa_published,1919
land_TMAX8110WS,1819,epa_published,1919
land_TMEAN8110WS,1819,epa_published,1919
land_TMEAN_PW_2004WS,1819,epa_published,1919
land_TMEAN_PW_2005WS,1819,epa_published,1919
land_TMEAN_PW_2008WS,1819,epa_published,1919
land_TMEAN_PW_2009WS,1819,epa_published,1919
land_TMEAN_PW_2013WS,1819,epa_published,1919
land_TMEAN_PW_2014WS,1819,epa_published,1919
land_TMEAN_PW_2018WS,1819,epa_published,1919
land_TMEAN_PW_2019WS,1819,epa_published,1919
land_TMEAN_SY_2004WS,1819,epa_published,1919
land_TMEAN_SY_2005WS,1819,epa_published,1919
land_TMEAN_SY_2008WS,1819,epa_published,1919
land_TMEAN_SY_2009WS,1819,epa_published,1919
land_TMEAN_SY_2013WS,1819,epa_published,1919
land_TMEAN_SY_2014WS,1819,epa_published,1919
land_TMEAN_SY_2018WS,1819,epa_published,1919
land_TMEAN_SY_2019WS,1819,epa_published,1919
land_TMEAN_S_2004WS,1819,epa_published,1919
land_TMEAN_S_2005WS,1819,epa_published,1919
land_TMEAN_S_2008WS,1819,epa_published,1919
land_TMEAN_S_2009WS,1819,epa_published,1919
land_TMEAN_S_2013WS,1819,epa_published,1919
land_TMEAN_S_2014WS,1819,epa_published,1919
land_TMEAN_S_2018WS,1819,epa_published,1919
land_TMEAN_S_2019WS,1819,epa_published,1919
land_TMEAN_W_2004WS,1819,epa_published,1919
land_TMEAN_W_2005WS,1819,epa_published,1919
land_TMEAN_W_2008WS,1819,epa_published,1919
land_TMEAN_W_2009WS,1819,epa_published,1919
land_TMEAN_W_2013WS,1819,epa_published,1919
land_TMEAN_W_2014WS,1819,epa_published,1919
land_TMEAN_W_2018WS,1819,epa_published,1919
land_TMEAN_W_2019WS,1819,epa_published,1919
land_TMIN8110WS,1819,epa_published,1919
land_TRIDENSWS,1819,epa_published,1919
land_WDMAXWS,1819,epa_published,1919
land_WDMINWS,1819,epa_published,1919
land_WDSUMWS,1819,epa_published,1919
land_WETINDEXWS,1819,epa_published,1919
land_WSAREASQKM,1314,epa_published,2261
land_WSAREASQKM,1819,epa_published,1919
land_WSAREASQKM,2324,epa_published,2102
land_WTDEPWS,1819,epa_published,1919
phab_BFWD_RAT,1314,epa_published,2232
phab_BFWD_RAT,1819,epa_published,2101
phab_BFWD_RAT,2324,epa_published,2097
phab_C1TM100,1314,epa_published,2196
phab_C1TM100,1819,epa_published,2102
phab_C1TM100,2324,epa_published,2099
phab_C1WM100,1314,epa_published,2196
phab_C1WM100,1819,epa_published,2102
phab_C1WM100,2324,epa_published,2099
phab_C2TM100,1314,epa_published,2196
phab_C2TM100,1819,epa_published,2102
phab_C2TM100,2324,epa_published,2099
phab_C2WM100,1314,epa_published,2196
phab_C2WM100,1819,epa_published,2102
phab_C2WM100,2324,epa_published,2099
phab_C4TM100,1314,epa_published,2196
phab_C4TM100,1819,epa_published,2102
phab_C4TM100,2324,epa_published,2099
phab_C4WM100,1314,epa_published,2196
phab_C4WM100,1819,epa_published,2102
phab_C4WM100,2324,epa_published,2099
phab_CONPERCENT,1314,epa_published,2213
phab_CONPERCENT,1819,epa_published,2062
phab_CONPERCENT,2324,epa_published,2100
phab_CVWIDTH,1314,epa_published,2235
phab_CVWIDTH,1819,epa_published,2108
phab_CVWIDTH,2324,epa_published,2099
phab_CVWXD,1314,epa_published,2234
phab_CVWXD,1819,epa_published,2105
phab_CVWXD,2324,epa_published,2098
phab_CVdth,1314,epa_published,2239
phab_CVdth,1819,epa_published,2106
phab_CVdth,2324,epa_published,2098
phab_LDCBF_G08,1314,epa_published,2142
phab_LDCBF_G08,1819,epa_published,2056
phab_LDCBF_G08,2324,epa_published,1999
phab_LDMB_BW5,1314,epa_published,2203
phab_LDMB_BW5,1819,epa_published,2065
phab_LDMB_BW5,2324,epa_published,2000
phab_LRBS_BW5,1314,epa_published,2172
phab_LRBS_BW5,1819,epa_published,2057
phab_LRBS_BW5,2324,epa_published,2000
phab_LRBS_G08,1314,epa_published,2142
phab_LRBS_G08,1819,epa_published,2056
phab_LRBS_G08,2324,epa_published,1999
phab_LRBS_TST,1314,epa_published,2182
phab_LRBS_TST,1819,epa_published,2092
phab_LRBS_TST,2324,epa_published,2038
phab_LRBS_use,1314,epa_published,2182
phab_LRBS_use,1819,epa_published,2093
phab_LRBS_use,2324,epa_published,2044
phab_LSUBD_SD,1314,epa_published,2206
phab_LSUBD_SD,1819,epa_published,2096
phab_LSUBD_SD,2324,epa_published,2096
phab_LSUB_DMM,1314,epa_published,2206
phab_LSUB_DMM,1819,epa_published,2096
phab_LSUB_DMM,2324,epa_published,2096
phab_LSUB_DMM_NOR,1314,epa_published,1322
phab_LSUB_DMM_NOR,1819,epa_published,1224
phab_LSUB_DMM_NOR,2324,epa_published,1281
phab_LTEST,1314,epa_published,2215
phab_LTEST,1819,epa_published,2103
phab_LTEST,2324,epa_published,2038
phab_LWDeqVolM100,1314,epa_published,2196
phab_LWDeqVolM100,1819,epa_published,2102
phab_LWDeqVolM100,2324,epa_published,2099
phab_LWDeqVol_msq,1314,epa_published,2196
phab_LWDeqVol_msq,1819,epa_published,2102
phab_LWDeqVol_msq,2324,epa_published,2099
phab_MEDBKUN,1314,epa_published,1173
phab_MEDBKUN,1819,epa_published,1138
phab_MEDBKUN,2324,epa_published,1281
phab_MEDBK_A,1314,epa_published,1331
phab_MEDBK_A,1819,epa_published,1224
phab_MEDBK_A,2324,epa_published,1281
phab_PCAN_C,1314,epa_published,2240
phab_PCAN_C,1819,epa_published,2108
phab_PCAN_C,2324,epa_published,2100
phab_PCAN_D,1314,epa_published,2240
phab_PCAN_D,1819,epa_published,2108
phab_PCAN_D,2324,epa_published,2100
phab_PCAN_E,1314,epa_published,2240
phab_PCAN_E,1819,epa_published,2108
phab_PCAN_E,2324,epa_published,2100
phab_PCAN_M,1314,epa_published,2240
phab_PCAN_M,1819,epa_published,2108
phab_PCAN_M,2324,epa_published,2100
phab_PCAN_N,1314,epa_published,2240
phab_PCAN_N,1819,epa_published,2108
phab_PCAN_N,2324,epa_published,2100
phab_PCTCLINOMETER,1314,epa_published,2239
phab_PCTCLINOMETER,1819,epa_published,2110
phab_PCTCLINOMETER,2324,epa_published,2101
phab_PCT_BDRK,1314,epa_published,1323
phab_PCT_BDRK,1819,epa_published,1224
phab_PCT_BDRK,2324,epa_published,1281
phab_PCT_BH,1314,epa_published,2210
phab_PCT_BH,1819,epa_published,2105
phab_PCT_BH,2324,epa_published,2100
phab_PCT_BIGR,1314,epa_published,1323
phab_PCT_BIGR,1819,epa_published,1224
phab_PCT_BIGR,2324,epa_published,1281
phab_PCT_BL,1819,epa_published,2105
phab_PCT_BL,2324,epa_published,2100
phab_PCT_CB,1819,epa_published,2105
phab_PCT_CB,2324,epa_published,2100
phab_PCT_DR,1314,epa_published,2238
phab_PCT_DR,1819,epa_published,2105
phab_PCT_DR,2324,epa_published,2099
phab_PCT_FA,1314,epa_published,2238
phab_PCT_FA,1819,epa_published,2105
phab_PCT_FA,2324,epa_published,2099
phab_PCT_FAST,1314,epa_published,2238
phab_PCT_FAST,1819,epa_published,2105
phab_PCT_FAST,2324,epa_published,2099
phab_PCT_FN,1314,epa_published,2210
phab_PCT_FN,1819,epa_published,2105
phab_PCT_FN,2324,epa_published,2100
phab_PCT_GC,1314,epa_published,1323
phab_PCT_GC,1819,epa_published,1224
phab_PCT_GC,2324,epa_published,1281
phab_PCT_GF,1314,epa_published,1323
phab_PCT_GF,1819,epa_published,1224
phab_PCT_GF,2324,epa_published,1281
phab_PCT_GL,1314,epa_published,2238
phab_PCT_GL,1819,epa_published,2105
phab_PCT_GL,2324,epa_published,2099
phab_PCT_GR,1314,epa_published,887
phab_PCT_GR,1819,epa_published,2105
phab_PCT_GR,2324,epa_published,2100
phab_PCT_HP,1314,epa_published,1323
phab_PCT_HP,1819,epa_published,1224
phab_PCT_HP,2324,epa_published,1281
phab_PCT_OM,1314,epa_published,1323
phab_PCT_OM,1819,epa_published,1224
phab_PCT_OM,2324,epa_published,1281
phab_PCT_ORG,1314,epa_published,1323
phab_PCT_ORG,1819,epa_published,1224
phab_PCT_ORG,2324,epa_published,1281
phab_PCT_OT,1314,epa_published,2210
phab_PCT_OT,1819,epa_published,2105
phab_PCT_OT,2324,epa_published,2100
phab_PCT_POOL,1314,epa_published,2238
phab_PCT_POOL,1819,epa_published,2105
phab_PCT_POOL,2324,epa_published,2099
phab_PCT_RC,1314,epa_published,1323
phab_PCT_RC,1819,epa_published,1224
phab_PCT_RC,2324,epa_published,1281
phab_PCT_RR,1819,epa_published,1224
phab_PCT_RR,2324,epa_published,1281
phab_PCT_RS,1819,epa_published,1224
phab_PCT_RS,2324,epa_published,1281
phab_PCT_SA,1314,epa_published,2210
phab_PCT_SA,1819,epa_published,2105
phab_PCT_SA,2324,epa_published,2100
phab_PCT_SAFN,1314,epa_published,2210
phab_PCT_SAFN,1819,epa_published,2105
phab_PCT_SAFN,2324,epa_published,2100
phab_PCT_SB,1819,epa_published,1224
phab_PCT_SB,2324,epa_published,1281
phab_PCT_SFG,1314,epa_published,2210
phab_PCT_SFG,1819,epa_published,2105
phab_PCT_SFG,2324,epa_published,2100
phab_PCT_SFGF,1314,epa_published,1323
phab_PCT_SFGF,1819,epa_published,1224
phab_PCT_SFGF,2324,epa_published,1281
phab_PCT_SIDE,1314,epa_published,2239
phab_PCT_SIDE,1819,epa_published,2108
phab_PCT_SIDE,2324,epa_published,2100
phab_PCT_SLOW,1314,epa_published,2238
phab_PCT_SLOW,1819,epa_published,2105
phab_PCT_SLOW,2324,epa_published,2099
phab_PCT_WD,1314,epa_published,1323
phab_PCT_WD,1819,epa_published,1224
phab_PCT_WD,2324,epa_published,1281
phab_PCT_XB,1819,epa_published,1224
phab_PCT_XB,2324,epa_published,1281
phab_QR1,1314,epa_published,2240
phab_QR1,1819,epa_published,2108
phab_QR1,2324,epa_published,2098
phab_QRDIST1,1819,epa_published,2108
phab_QRDIST1,2324,epa_published,2100
phab_QRVeg1,1314,epa_published,2240
phab_QRVeg1,1819,epa_published,2108
phab_QRVeg1,2324,epa_published,2099
phab_QRVeg2,1314,epa_published,2240
phab_QRVeg2,1819,epa_published,2108
phab_QRVeg2,2324,epa_published,2098
phab_RDIST1,1314,epa_published,2240
phab_RDIST1,1819,epa_published,2108
phab_RDIST1,2324,epa_published,2100
phab_REACHLEN,1314,epa_published,2234
phab_REACHLEN,1819,epa_published,2105
phab_REACHLEN,2324,epa_published,2099
phab_RP100,1314,epa_published,2215
phab_RP100,1819,epa_published,2069
phab_RP100,2324,epa_published,2059
phab_RP100_cm,1819,epa_published,2069
phab_RP100_cm,2324,epa_published,2059
phab_RPGT50,1314,epa_published,2201
phab_RPGT50,1819,epa_published,2069
phab_RPGT50,2324,epa_published,2059
phab_RPGT75,1314,epa_published,2201
phab_RPGT75,1819,epa_published,2069
phab_RPGT75,2324,epa_published,2059
phab_RPMXDEP,1819,epa_published,2071
phab_RPMXDEP,2324,epa_published,2059
phab_RPMXDEP_CM,1314,epa_published,2204
phab_RPMXDEP_CM,1819,epa_published,2071
phab_RPMXDEP_CM,2324,epa_published,2059
phab_RPXDEP,1819,epa_published,2069
phab_RPXDEP,2324,epa_published,2059
phab_RPXDEP_CM,1314,epa_published,2201
phab_RPXDEP_CM,1819,epa_published,2069
phab_RPXDEP_CM,2324,epa_published,2059
phab_RpRat,1314,epa_published,2201
phab_RpRat,1819,epa_published,2069
phab_RpRat,2324,epa_published,2059
phab_SDDEPTH,1819,epa_published,2106
phab_SDDEPTH,2324,epa_published,2098
phab_SDDEPTH_CM,1314,epa_published,2239
phab_SDDEPTH_CM,1819,epa_published,2106
phab_SDDEPTH_CM,2324,epa_published,2098
phab_SDINC_H,1314,epa_published,2222
phab_SDINC_H,1819,epa_published,2092
phab_SDINC_H,2324,epa_published,2098
phab_SDWD_RAT,1314,epa_published,2208
phab_SDWD_RAT,1819,epa_published,2090
phab_SDWD_RAT,2324,epa_published,2098
phab_SDWIDTH,1314,epa_published,2235
phab_SDWIDTH,1819,epa_published,2108
phab_SDWIDTH,2324,epa_published,2099
phab_SDWXD,1314,epa_published,2234
phab_SDWXD,1819,epa_published,2105
phab_SDWXD,2324,epa_published,2098
phab_SINU,1314,epa_published,1305
phab_SINU,1819,epa_published,1199
phab_SINU,2324,epa_published,1273
phab_SURVEY_YRS,1819,epa_published,2110
phab_SURVEY_YRS,2324,epa_published,2100
phab_V1WM100,1314,epa_published,2196
phab_V1WM100,1819,epa_published,2102
phab_V1WM100,2324,epa_published,2099
phab_V1W_MSQ,1314,epa_published,2196
phab_V1W_MSQ,1819,epa_published,2102
phab_V1W_MSQ,2324,epa_published,2099
phab_V2WM100,1314,epa_published,2196
phab_V2WM100,1819,epa_published,2102
phab_V2WM100,2324,epa_published,2099
phab_V2W_MSQ,1314,epa_published,2196
phab_V2W_MSQ,1819,epa_published,2102
phab_V2W_MSQ,2324,epa_published,2099
phab_V4WM100,1314,epa_published,2196
phab_V4WM100,1819,epa_published,2102
phab_V4WM100,2324,epa_published,2099
phab_V4W_MSQ,1314,epa_published,2196
phab_V4W_MSQ,1819,epa_published,2102
phab_V4W_MSQ,2324,epa_published,2099
phab_W1H_BLDG,1314,epa_published,2240
phab_W1H_BLDG,1819,epa_published,2108
phab_W1H_BLDG,2324,epa_published,2099
phab_W1H_CROP,1314,epa_published,2240
phab_W1H_CROP,1819,epa_published,2108
phab_W1H_CROP,2324,epa_published,2099
phab_W1H_LDFL,1314,epa_published,2240
phab_W1H_LDFL,1819,epa_published,2108
phab_W1H_LDFL,2324,epa_published,2099
phab_W1H_LOG,1314,epa_published,2240
phab_W1H_LOG,1819,epa_published,2108
phab_W1H_LOG,2324,epa_published,2099
phab_W1H_MINE,1314,epa_published,2240
phab_W1H_MINE,1819,epa_published,2108
phab_W1H_MINE,2324,epa_published,2099
phab_W1H_PARK,1314,epa_published,2240
phab_W1H_PARK,1819,epa_published,2108
phab_W1H_PARK,2324,epa_published,2099
phab_W1H_PIPE,1314,epa_published,2240
phab_W1H_PIPE,1819,epa_published,2108
phab_W1H_PIPE,2324,epa_published,2099
phab_W1H_PSTR,1314,epa_published,2240
phab_W1H_PSTR,1819,epa_published,2108
phab_W1H_PSTR,2324,epa_published,2099
phab_W1H_PVMT,1314,epa_published,2240
phab_W1H_PVMT,1819,epa_published,2108
phab_W1H_PVMT,2324,epa_published,2099
phab_W1H_ROAD,1314,epa_published,2240
phab_W1H_ROAD,1819,epa_published,2108
phab_W1H_ROAD,2324,epa_published,2099
phab_W1H_WALL,1314,epa_published,2240
phab_W1H_WALL,1819,epa_published,2108
phab_W1H_WALL,2324,epa_published,2099
phab_W1_HAG,1314,epa_published,2240
phab_W1_HAG,1819,epa_published,2108
phab_W1_HAG,2324,epa_published,2099
phab_W1_HALL,1314,epa_published,2240
phab_W1_HALL,1819,epa_published,2108
phab_W1_HALL,2324,epa_published,2100
phab_W1_HNOAG,1314,epa_published,2240
phab_W1_HNOAG,1819,epa_published,2108
phab_W1_HNOAG,2324,epa_published,2100
phab_XBEARING,1314,epa_published,1305
phab_XBEARING,1819,epa_published,1199
phab_XBEARING,2324,epa_published,1273
phab_XBKA,1314,epa_published,1331
phab_XBKA,1819,epa_published,1224
phab_XBKA,2324,epa_published,1281
phab_XBKF_H,1314,epa_published,2238
phab_XBKF_H,1819,epa_published,2108
phab_XBKF_H,2324,epa_published,2098
phab_XBKF_W,1314,epa_published,2235
phab_XBKF_W,1819,epa_published,2108
phab_XBKF_W,2324,epa_published,2098
phab_XC,1314,epa_published,2230
phab_XC,1819,epa_published,2106
phab_XC,2324,epa_published,2099
phab_XCDENBK,1314,epa_published,2240
phab_XCDENBK,1819,epa_published,2108
phab_XCDENBK,2324,epa_published,2098
phab_XCDENMID,1314,epa_published,1331
phab_XCDENMID,1819,epa_published,1224
phab_XCDENMID,2324,epa_published,1280
phab_XCEMBED,1314,epa_published,1320
phab_XCEMBED,1819,epa_published,1224
phab_XCEMBED,2324,epa_published,1281
phab_XCL,1314,epa_published,2229
phab_XCL,1819,epa_published,2106
phab_XCL,2324,epa_published,2099
phab_XCM,1314,epa_published,2239
phab_XCM,1819,epa_published,2108
phab_XCM,2324,epa_published,2099
phab_XCMG,1314,epa_published,2240
phab_XCMG,1819,epa_published,2108
phab_XCMG,2324,epa_published,2099
phab_XCMGW,1314,epa_published,2240
phab_XCMGW,1819,epa_published,2108
phab_XCMGW,2324,epa_published,2099
phab_XCMW,1314,epa_published,2238
phab_XCMW,1819,epa_published,2108
phab_XCMW,2324,epa_published,2099
phab_XCS,1314,epa_published,2230
phab_XCS,1819,epa_published,2106
phab_XCS,2324,epa_published,2099
phab_XDEPTH,1819,epa_published,2106
phab_XDEPTH,2324,epa_published,2098
phab_XDEPTH_CM,1314,epa_published,2239
phab_XDEPTH_CM,1819,epa_published,2106
phab_XDEPTH_CM,2324,epa_published,2098
phab_XEMBED,1314,epa_published,1322
phab_XEMBED,1819,epa_published,1224
phab_XEMBED,2324,epa_published,1281
phab_XFC_ALG,1314,epa_published,2240
phab_XFC_ALG,1819,epa_published,2108
phab_XFC_ALG,2324,epa_published,2099
phab_XFC_ALL,1314,epa_published,2240
phab_XFC_ALL,1819,epa_published,2108
phab_XFC_ALL,2324,epa_published,2100
phab_XFC_AQM,1314,epa_published,2240
phab_XFC_AQM,1819,epa_published,2108
phab_XFC_AQM,2324,epa_published,2099
phab_XFC_BIG,1314,epa_published,2240
phab_XFC_BIG,1819,epa_published,2108
phab_XFC_BIG,2324,epa_published,2099
phab_XFC_BRS,1314,epa_published,2240
phab_XFC_BRS,1819,epa_published,2108
phab_XFC_BRS,2324,epa_published,2099
phab_XFC_HUM,1314,epa_published,2240
phab_XFC_HUM,1819,epa_published,2108
phab_XFC_HUM,2324,epa_published,2099
phab_XFC_LVT,1314,epa_published,2240
phab_XFC_LVT,1819,epa_published,2108
phab_XFC_LVT,2324,epa_published,2099
phab_XFC_LWD,1314,epa_published,2240
phab_XFC_LWD,1819,epa_published,2108
phab_XFC_LWD,2324,epa_published,2099
phab_XFC_NAT,1314,epa_published,2240
phab_XFC_NAT,1819,epa_published,2108
phab_XFC_NAT,2324,epa_published,2099
phab_XFC_OHV,1314,epa_published,2240
phab_XFC_OHV,1819,epa_published,2108
phab_XFC_OHV,2324,epa_published,2099
phab_XFC_RCK,1314,epa_published,2240
phab_XFC_RCK,1819,epa_published,2108
phab_XFC_RCK,2324,epa_published,2099
phab_XFC_UCB,1314,epa_published,2240
phab_XFC_UCB,1819,epa_published,2108
phab_XFC_UCB,2324,epa_published,2099
phab_XG,1314,epa_published,2240
phab_XG,1819,epa_published,2108
phab_XG,2324,epa_published,2099
phab_XGB,1314,epa_published,2240
phab_XGB,1819,epa_published,2108
phab_XGB,2324,epa_published,2099
phab_XGH,1314,epa_published,2240
phab_XGH,1819,epa_published,2108
phab_XGH,2324,epa_published,2099
phab_XGW,1314,epa_published,2240
phab_XGW,1819,epa_published,2108
phab_XGW,2324,epa_published,2099
phab_XGveg,1819,epa_published,2108
phab_XGveg,2324,epa_published,2099
phab_XINC_H,1314,epa_published,2228
phab_XINC_H,1819,epa_published,2096
phab_XINC_H,2324,epa_published,2098
phab_XM,1314,epa_published,2239
phab_XM,1819,epa_published,2108
phab_XM,2324,epa_published,2099
phab_XMH,1314,epa_published,2239
phab_XMH,1819,epa_published,2108
phab_XMH,2324,epa_published,2099
phab_XMW,1314,epa_published,2238
phab_XMW,1819,epa_published,2108
phab_XMW,2324,epa_published,2099
phab_XPCAN,1314,epa_published,2230
phab_XPCAN,1819,epa_published,2108
phab_XPCAN,2324,epa_published,2099
phab_XPCM,1314,epa_published,2232
phab_XPCM,1819,epa_published,2108
phab_XPCM,2324,epa_published,2099
phab_XPCMG,1314,epa_published,2232
phab_XPCMG,1819,epa_published,2108
phab_XPCMG,2324,epa_published,2099
phab_XPMGW,1314,epa_published,2240
phab_XPMGW,1819,epa_published,2108
phab_XPMGW,2324,epa_published,2099
phab_XPMID,1314,epa_published,2239
phab_XPMID,1819,epa_published,2108
phab_XPMID,2324,epa_published,2099
phab_XSLOPE,1314,epa_published,2216
phab_XSLOPE,1819,epa_published,2108
phab_XSLOPE,2324,epa_published,2101
phab_XSLOPE_FIELD,1314,epa_published,1287
phab_XSLOPE_FIELD,1819,epa_published,1185
phab_XSLOPE_FIELD,2324,epa_published,1250
phab_XSLOPE_MAP,1314,epa_published,1598
phab_XSLOPE_MAP,1819,epa_published,1440
phab_XSLOPE_MAP,2324,epa_published,1196
phab_XSLOPE_use,1314,epa_published,2216
phab_XSLOPE_use,1819,epa_published,2108
phab_XSLOPE_use,2324,epa_published,2101
phab_XUN,1314,epa_published,1173
phab_XUN,1819,epa_published,1138
phab_XUN,2324,epa_published,1281
phab_XWD_RAT,1314,epa_published,2235
phab_XWD_RAT,1819,epa_published,2091
phab_XWD_RAT,2324,epa_published,2098
phab_XWIDTH,1314,epa_published,2236
phab_XWIDTH,1819,epa_published,2108
phab_XWIDTH,2324,epa_published,2099
phab_XWXD,1314,epa_published,2235
phab_XWXD,1819,epa_published,2106
phab_XWXD,2324,epa_published,2098
