metric_key,function,discipline,role,default_selected,source,label,direction,curve_form,expected_shape,signed_scale,domain_low,domain_high,low_tail,transformation,caveat,field_method,field_effort,transfer_family,fauna_rule,search_order,fixed_criterion,fixed_bands,benchmark_entry,benchmark_refusal,model_registry_status,scale_level,scale_split,basis_accepted_sources,epa_short_name_1314,epa_short_name_1819,epa_short_name_2324,origin_1314,origin_1819,origin_2324,pooled_cycles,n_frame_values,n_strict_values,curve12_auc_min,curve12_auc_median,red_partners,staf_library_ids,construct_class,spatial_support,easi_role,disposition,status
DRNAREA,Reach inflow,Hydrology,predictor,false,streamstats,Drainage area (sq mi),,,,,,,,,,,,,,,,,,,,,,,,,,,,,,,,,,,,natural_setting_covariate,watershed,none,retain,hypothesis
bent_EPT_NTAX,Community dynamics,Biology,metric,true,nrsa,EPT taxa richness,higher_is_better,monotone,monotone_increasing,false,0,,,none,,"Collect one D-frame net sample (500 micrometer mesh) one meter downstream of each of the 11 transects at the assigned left, center or right station, and composite them. A laboratory identifies a fixed count subsample. The value is the number of mayfly, stonefly and caddisfly taxa.",11 transects,biology,same_faunal_province,l3;l2;l1;nars9,,,,,,l3,,none,BENTHIC_METRICS.EPT_NTAX,,BENTHIC_METRICS.EPT_NTAX,epa_published,legacy_r_app,epa_published,1314;1819;2324,3264,768,0.423,0.543,bent_HPRIME:red02(1);bent_TOTLNTAX:red02(1);phab_XCMGW:red02(1),,ecological_response,site_reach,none,retain,hypothesis
bent_HPRIME,Community dynamics,Biology,metric,true,nrsa,Shannon diversity (H'),higher_is_better,monotone,monotone_increasing,false,0,,,none,,From the same 11-transect composite D-frame net sample (500 micrometer mesh) and laboratory subsample. The value is the Shannon diversity of the taxa counted.,11 transects,biology,same_faunal_province,l3;l2;l1;nars9,,,,,approved,l3,,1B_mixed_local;2r_l3;3a_envelope,BENTHIC_METRICS.HPRIME,,BENTHIC_METRICS.HPRIME,epa_published,legacy_r_app,epa_published,1314;1819;2324,3264,768,0.392,0.518,bent_EPT_NTAX:red02(1);bent_TOTLNTAX:red01(1),,ecological_response,site_reach,none,revise,hypothesis
bent_MMI_BENT,Community dynamics,Biology,metric,false,nrsa,Benthic macroinvertebrate MMI,higher_is_better,monotone,monotone_increasing,false,0,100,,none,,"Computed, not read in the field. From the 11-transect composite D-frame net sample (500 micrometer mesh) and its fixed count laboratory subsample, score EPA's six regional benthic metrics with the published floor and ceiling values and rescale the sum to 0 to 100, as the 2018-19 technical support document describes.",11 transects,biology,same_faunal_province,l3;l2;l1;nars9,,,nrsa-2018-19-benthic-mmi,,,l3,,,BENTHIC_MMI.MMI_BENT,BENTHIC_MMI.MMI_BENT,BENTHIC_MMI.MMI_BENT,epa_published,epa_published,epa_published,1314;1819;2324,3264,768,,,,,ecological_response,site_reach,none,add,hypothesis
bent_OE_SCORE,Population support,Biology,metric,false,nrsa,Benthic O/E taxa loss ratio,higher_is_better,monotone,monotone_increasing,false,0,,,none,,"Computed, not read in the field. From the 11-transect composite D-frame net sample, the taxa EPA's predictive model expects under least-disturbed conditions that were observed, as a share of the number expected. The expectation needs EPA's model, which a new site cannot run.",11 transects,biology,same_faunal_province,l3;l2;l1;nars9,,,,benthic-oe-taxa-loss-categories,,,,,BENTHIC_MMI.OE_SCORE,,,epa_published,,,1314,1476,360,,,,,ecological_response,site_reach,none,add,hypothesis
bent_TOLRPIND,Community dynamics,Biology,metric,true,nrsa,Tolerant individuals (%) ~ HBI,lower_is_better,monotone,monotone_decreasing,false,0,100,,none,,From the same 11-transect composite D-frame net sample (500 micrometer mesh) and laboratory subsample. The value is the percent of individuals that belong to pollution tolerant taxa.,11 transects,biology,same_faunal_province,l3;l2;l1;nars9,,,,,,l3,,none,BENTHIC_METRICS.TOLRPIND,,BENTHIC_METRICS.TOLRPIND,epa_published,legacy_r_app,epa_published,1314;1819;2324,3264,768,0.644,0.644,,,ecological_response,site_reach,none,retain,hypothesis
bent_TOTLNTAX,Population support,Biology,metric,true,nrsa,Benthic total taxa richness,higher_is_better,monotone,monotone_increasing,false,0,,,none,,From the same 11-transect composite D-frame net sample (500 micrometer mesh) and laboratory subsample. The value is the total number of taxa.,11 transects,biology,same_faunal_province,l3;l2;l1;nars9,,,,state-biological-indices;ohio-epa-biocriteria[l3:55],,l3,,3a_envelope,BENTHIC_METRICS.TOTLNTAX,,BENTHIC_METRICS.TOTLNTAX,epa_published,legacy_r_app,epa_published,1314;1819;2324,3264,768,0.386,0.453,bent_EPT_NTAX:red02(1);bent_HPRIME:red01(1),,ecological_response,site_reach,none,revise,hypothesis
bfi,Low flow and baseflow dynamics,Hydraulics,both,true,streamcat,Base-flow index (%),higher_is_better,monotone,monotone_increasing,false,0,100,,none,Base-flow index is set largely by hydrogeology: a naturally flashy till catchment reads low on this curve without being degraded.,"Base flow index of the watershed, the percent of streamflow that comes from base flow (USGS base flow index grid). DEEP reads it from EPA StreamCat for the reach. Nothing is measured in the field.",desktop,hydrology,none,l3;l2;l1;nars9,,,,,candidate,l3,,1B_mixed_local;2r_l3,,,,,,,,3185,770,0.371,0.4695,,,natural_setting_covariate,watershed,proxy,revise,hypothesis
bfi,Streamflow regime,Hydrology,both,true,streamcat,Base-flow index (%),higher_is_better,monotone,monotone_increasing,false,0,100,,none,Base-flow index is set largely by hydrogeology: a naturally flashy till catchment reads low on this curve without being degraded.,"Base flow index of the watershed, the percent of streamflow that comes from base flow (USGS base flow index grid). DEEP reads it from EPA StreamCat for the reach. Nothing is measured in the field.",desktop,hydrology,none,l3;l2;l1;nars9,,,,,candidate,l3,,1B_mixed_local;2r_l3,,,,,,,,3185,770,0.371,0.4695,,,natural_setting_covariate,watershed,proxy,revise,hypothesis
chem_CHLA,Light and thermal regime,Physicochemistry,metric,true,nrsa,Chlorophyll a (ug/L),lower_is_better,monotone,monotone_decreasing,false,0,,,none,,"Chlorophyll a of the water column in micrograms per liter, from a 2 L grab sample taken at mid-channel at the X-site in an amber bottle, filtered and analyzed in a laboratory.","X-site, mid-channel",water_chemistry,none,l3;l2;l1;nars9,,,,,,l3,,none,WATER_COLUMN_CHLA.CHLA_RESULT,WATER_CHEMISTRY.CHLA_RESULT,WATER_CHEMISTRY.CHLA_RESULT,epa_published,epa_published,epa_published,1314;1819;2324,3250,764,0.687,0.739,phab_XCDENMID:red02(1);phab_XFC_NAT:red02(1),,ecological_response,site_reach,none,revise,hypothesis
chem_COND,Water and soil quality,Physicochemistry,metric,true,nrsa,Specific conductivity (uS/cm),lower_is_better,monotone,monotone_decreasing,false,0,,,none,Specific conductance carries natural carbonate geology as well as disturbance: a pristine stream in a calcareous valley can score low on this curve.,Specific conductance in microsiemens per centimeter. NRSA reports the laboratory value of a grab sample taken at mid-channel at the X-site (the center of the reach). A calibrated multi-parameter meter reads the same quantity in the stream at that point.,"X-site, mid-channel",water_chemistry,none,l3;l2;l1;nars9,,,nrsa-2018-19-salinity-conductivity,,,l3,,none,WATER_CHEMISTRY.COND_RESULT,WATER_CHEMISTRY.COND_RESULT,WATER_CHEMISTRY.COND_RESULT,epa_published,epa_published,epa_published,1314;1819;2324,3265,770,0.662,0.832,chem_PH:red01(1),water-and-soil-quality-specific-conductivity,direct_function_measure,site_reach,none,retain,hypothesis
chem_DOC,Carbon processing,Physicochemistry,metric,true,nrsa,Dissolved organic carbon (mg/L),excluded,,,,,,,,,,,water_chemistry,none,l3;l2;l1;nars9,,,,,,,,,WATER_CHEMISTRY.DOC_RESULT,WATER_CHEMISTRY.DOC_RESULT,WATER_CHEMISTRY.DOC_RESULT,epa_published,epa_published,epa_published,1314;1819;2324,3265,770,,,,,direct_function_measure,site_reach,none,revise,hypothesis
chem_NTL,Nutrient cycling,Physicochemistry,metric,true,nrsa,Total nitrogen (mg N/L),lower_is_better,monotone,monotone_decreasing,false,0,,,none,,"Total nitrogen in milligrams of nitrogen per liter, laboratory analysis of the unfiltered mid-channel grab sample from the X-site, kept on ice.","X-site, mid-channel",water_chemistry,none,l3;l2;l1;nars9,,,nrsa-2018-19-total-nitrogen,,,l2,,none,WATER_CHEMISTRY.NTL_RESULT,WATER_CHEMISTRY.NTL_RESULT,WATER_CHEMISTRY.NTL_RESULT,epa_published,epa_published,epa_published,1314;1819;2324,3266,770,0.58,0.772,,,direct_function_measure,site_reach,none,revise,hypothesis
chem_PH,Water and soil quality,Physicochemistry,metric,true,nrsa,pH (std units),optimum,optimum,optimum,false,0,14,,none,"pH carries natural geology (calcareous or naturally acidic waters) as well as disturbance, and a two-sided core narrower than measurement precision is noise rather than condition.","pH of the mid-channel grab sample from the X-site, as NRSA reports it. A calibrated multi-parameter meter reads pH in the stream at the same point, at 0.5 m depth or mid-depth in shallow water.","X-site, mid-channel",water_chemistry,none,l3;l2;l1;nars9,,,,no-ph-criterion,,l2,,2r_l1;2r_l2,WATER_CHEMISTRY.PH_RESULT,WATER_CHEMISTRY.PH_RESULT,WATER_CHEMISTRY.PH_RESULT,epa_published,epa_published,epa_published,1314;1819;2324,3252,769,0.321,0.5375,chem_COND:red01(1);phab_LWDeqVolM100:red02(1),,direct_function_measure,site_reach,none,retain,hypothesis
chem_PTL,Nutrient cycling,Physicochemistry,metric,true,nrsa,Total phosphorus (ug/L),lower_is_better,monotone,monotone_decreasing,false,0,,,none,,"Total phosphorus in micrograms per liter, laboratory analysis of the mid-channel grab sample from the X-site, kept on ice.","X-site, mid-channel",water_chemistry,none,l3;l2;l1;nars9,,,nrsa-2018-19-total-phosphorus,,,l2,,none,WATER_CHEMISTRY.PTL_RESULT,WATER_CHEMISTRY.PTL_RESULT,WATER_CHEMISTRY.PTL_RESULT,epa_published,epa_published,epa_published,1314;1819;2324,3265,769,0.55,0.606,chem_TURB:red02(1),nutrient-cycling-total-phosphorus,direct_function_measure,site_reach,none,retain,hypothesis
chem_TURB,Water and soil quality,Physicochemistry,metric,true,nrsa,Turbidity (NTU),lower_is_better,monotone,monotone_decreasing,false,0,,,none,,"Turbidity in nephelometric turbidity units, laboratory analysis of the mid-channel grab sample from the X-site. Sample before anyone walks the channel upstream.","X-site, mid-channel",water_chemistry,none,l3;l2;l1;nars9,,,,no-turbidity-criterion,approved,l2,,2r_l3,WATER_CHEMISTRY.TURB_RESULT,WATER_CHEMISTRY.TURB_RESULT,WATER_CHEMISTRY.TURB_RESULT,epa_published,epa_published,epa_published,1314;1819;2324,3233,744,0.347,0.551,chem_PTL:red02(1),water-and-soil-quality-daily-average-turbidity;water-and-soil-quality-tss-and-turbidity,direct_function_measure,site_reach,none,retain,hypothesis
damdens,Streamflow regime,Hydrology,both,true,streamcat,Dam density (per sq km),lower_is_better,monotone,monotone_decreasing,false,0,,,none,,,,,,,,,,,,,,,,,,,,,,,,,,,,pressure_proxy,watershed,screen_variable;proxy,revise,hypothesis
damdens,Watershed connectivity,Biology,both,true,streamcat,Dam density (per sq km),lower_is_better,monotone,monotone_decreasing,false,0,,,none,,,,,,,,,,,,,,,,,,,,,,,,,,,,pressure_proxy,watershed,screen_variable;proxy,revise,hypothesis
elev,Light and thermal regime,Physicochemistry,predictor,true,streamcat,Mean watershed elevation (m),predictor_only,,,,,,,,,,,,,,,,,,,,,,,,,,,,,3185,770,,,,,natural_setting_covariate,watershed,none,retain,hypothesis
fish_MMI_FISH,Population support,Biology,metric,false,nrsa,Fish MMI,higher_is_better,monotone,monotone_increasing,false,0,100,,none,,"Computed, not read in the field. From the upstream electrofishing pass over every habitat between the transects, with every fish identified and counted, score EPA's eight regional fish metrics, several adjusted for watershed area, and rescale to 0 to 100, as the 2018-19 technical support document describes.",whole reach,biology,same_faunal_province,l3;l2;l1;nars9,,,nrsa-2018-19-fish-mmi,,,l3,,,FISH_MMI.MMI_FISH,FISH_MMI.MMI_FISH,FISH_MMI.MMI_FISH,epa_published,epa_published,epa_published,1314;1819;2324,2804,630,,,,,ecological_response,site_reach,none,add,hypothesis
fish_NAT_LITHPIND,Population support,Biology,metric,false,nrsa,Simple lithophil fish individuals (%),higher_is_better,monotone,monotone_increasing,false,0,100,,none,,"From the same upstream electrofishing pass over every habitat between the transects, with every fish identified and counted. The value is the percent of native individuals that are simple lithophils, spawning on clean coarse substrate without building a nest.",whole reach,biology,same_faunal_province,l3;l2;l1;nars9,,,,state-biological-indices;ohio-epa-biocriteria[l3:55],,l3,NhdSlopeClass,2r_l1;2r_l2;3c_matched,FISH_METRICS.NAT_LITHPIND,,FISH_METRICS.NAT_LITHPIND,epa_published,legacy_r_app,epa_published,1314;1819;2324,2790,612,,,fish_NAT_NTOLNTAX:red01(1);fish_NAT_NTOLPTAX:red02(2);fish_NAT_TOTLNTAX:red02(1);phab_LWDeqVolM100:red02(1),,ecological_response,site_reach,none,retain,hypothesis
fish_NAT_NTOLNTAX,Population support,Biology,metric,false,nrsa,Native non-tolerant fish taxa richness,higher_is_better,monotone,monotone_increasing,false,0,,,none,,"From the same upstream electrofishing pass over every habitat between the transects, with every fish identified and counted. The value is the number of native taxa that are not classed tolerant.",whole reach,biology,same_faunal_province,l3;l2;l1;nars9,,,,state-biological-indices;ohio-epa-biocriteria[l3:55],,l3,NhdSlopeClass,2r_l1;2r_l2,FISH_METRICS.NAT_NTOLNTAX,,FISH_METRICS.NAT_NTOLNTAX,epa_published,legacy_r_app,epa_published,1314;1819;2324,2790,612,0.526,0.526,fish_NAT_LITHPIND:red01(1);fish_NAT_NTOLPTAX:red02(2);fish_NAT_TOTLNTAX:red01(3),,ecological_response,site_reach,none,retain,hypothesis
fish_NAT_NTOLPTAX,Population support,Biology,metric,false,nrsa,Native non-tolerant fish taxa (%),higher_is_better,monotone,monotone_increasing,false,0,100,,none,,"From the same upstream electrofishing pass over every habitat between the transects, with every fish identified and counted. The value is the percent of native taxa that are not classed tolerant.",whole reach,biology,same_faunal_province,l3;l2;l1;nars9,,,,state-biological-indices;ohio-epa-biocriteria[l3:55],,l3,NhdDrainageAreaClass,2r_l1;2r_l2;2r_l3;2r_nars9;3a_envelope;3c_matched,FISH_METRICS.NAT_NTOLPTAX,,FISH_METRICS.NAT_NTOLPTAX,epa_published,legacy_r_app,epa_published,1314;1819;2324,2790,612,0.585,0.585,fish_NAT_LITHPIND:red02(2);fish_NAT_NTOLNTAX:red02(2);fish_NAT_TOTLNTAX:red02(1);phab_LWDeqVolM100:red02(1),,ecological_response,site_reach,none,revise,hypothesis
fish_NAT_TOLRPIND,Population support,Biology,metric,false,nrsa,Tolerant native fish individuals (%),lower_is_better,monotone,monotone_decreasing,false,0,100,,none,,"From the same upstream electrofishing pass over every habitat between the transects, with every fish identified and counted. The value is the percent of native individuals that belong to tolerant taxa.",whole reach,biology,same_faunal_province,l3;l2;l1;nars9,,,,state-biological-indices;ohio-epa-biocriteria[l3:55],,l2,NhdSlopeClass,3c_matched,FISH_METRICS.NAT_TOLRPIND,,FISH_METRICS.NAT_TOLRPIND,epa_published,legacy_r_app,epa_published,1314;1819;2324,2790,612,,,phab_PCT_FAST:red02(1),,ecological_response,site_reach,none,revise,hypothesis
fish_NAT_TOTLNTAX,Population support,Biology,metric,true,nrsa,Native fish taxa richness,higher_is_better,monotone,monotone_increasing,false,0,,,none,,"Electrofish the sampling reach in an upstream direction, working every habitat between the transects, and identify and count every fish. The value is the number of native taxa.",whole reach,biology,same_faunal_province,l3;l2;l1;nars9,,,,state-biological-indices;ohio-epa-biocriteria[l3:55],,l2,NhdSlopeClass,2r_nars9,FISH_METRICS.NAT_TOTLNTAX,,FISH_METRICS.NAT_TOTLNTAX,epa_published,legacy_r_app,epa_published,1314;1819;2324,2790,612,0.242,0.375,fish_NAT_LITHPIND:red02(1);fish_NAT_NTOLNTAX:red01(3);fish_NAT_NTOLPTAX:red02(1),,ecological_response,site_reach,none,revise,hypothesis
mmw_da_sqmi,Reach inflow,Hydrology,predictor,false,mmw,"Drainage area (sq mi, MMW)",,,,,,,,,,,,,,,,,,,,,,,,,,,,,,,,,,,,natural_setting_covariate,watershed,none,retain,hypothesis
mmw_developed_pct,Catchment hydrology,Hydrology,both,false,mmw,Developed land (%),,,,,,,,,,,,,,,,,,,,,,,,,,,,,,,,,,,,pressure_proxy,watershed,none,retain,hypothesis
mmw_wetland_pct,Surface water storage,Hydrology,both,false,mmw,Wetland (%),,,,,,,,,,,,,,,,,,,,,,,,,,,,,,,,,,,,direct_function_measure,watershed,none,retain,hypothesis
pctcrop2019,Catchment hydrology,Hydrology,both,true,streamcat,Cultivated crops (%),lower_is_better,monotone,monotone_decreasing,false,0,100,,none,,,,,,,,,,,,,,,,,,,,,,3185,770,,,,,pressure_proxy,watershed,screen_variable;proxy,revise,hypothesis
pcthbwet2019,Surface water storage,Hydrology,both,false,streamcat,Herbaceous wetland (%),higher_is_better,monotone,monotone_increasing,false,0,100,,none,"Reference bands of hundredths of a percent sit below the land-cover product's wetland-class accuracy, and a steep watershed that never held herbaceous wetland reads low without being degraded.",,,hydrology,none,l3;l2;l1;nars9,,,,,,,,,,,,,,,,3185,770,,,,,direct_function_measure,watershed,none,retain,hypothesis
pctimp2019,Catchment hydrology,Hydrology,both,true,streamcat,Impervious surface (%),lower_is_better,monotone,monotone_decreasing,false,0,100,,none,,Percent of the watershed in impervious surface. DEEP computes it for the delineated watershed. Nothing is measured in the field.,desktop,,,,pctimp2019ws,Good <10%; Fair 10-25%; Poor >25%,,,,,,,,,,,,,,3185,770,,,,catchment-hydrology-effective-impervious-cover;catchment-hydrology-impervious-cover;catchment-hydrology-percent-impervious-cover,pressure_proxy,watershed,screen_variable;fixed_criterion_input;proxy,retain,hypothesis
pctimp2019,High flow dynamics,Hydraulics,both,true,streamcat,Impervious surface (%),lower_is_better,monotone,monotone_decreasing,false,0,100,,none,,Percent of the watershed in impervious surface. DEEP computes it for the delineated watershed. Nothing is measured in the field.,desktop,,,,pctimp2019ws,Good <10%; Fair 10-25%; Poor >25%,,,,,,,,,,,,,,3185,770,,,,catchment-hydrology-effective-impervious-cover;catchment-hydrology-impervious-cover;catchment-hydrology-percent-impervious-cover,pressure_proxy,watershed,screen_variable;fixed_criterion_input;proxy,retain,hypothesis
pctwdwet2019,Surface water storage,Hydrology,both,false,streamcat,Woody wetland (%),higher_is_better,monotone,monotone_increasing,false,0,100,,none,Wetland cover follows terrain: a steep watershed that never held wetland reads low on this curve without being degraded.,,,hydrology,none,l3;l2;l1;nars9,,,,,,,,,,,,,,,,3185,770,,,,,direct_function_measure,watershed,none,retain,hypothesis
pctwet2019,Surface water storage,Hydrology,both,true,streamcat,Wetland (%),higher_is_better,monotone,monotone_increasing,false,0,100,,none,Wetland cover follows terrain: a steep watershed that never held wetland reads low on this curve without being degraded.,Percent of the watershed in woody plus herbaceous wetland (NLCD 2019). DEEP reads it from EPA StreamCat for the reach. Nothing is measured in the field.,desktop,hydrology,none,l3;l2;l1;nars9,,,,,,l3,NhdSlopeClass,none,,,,,,,,3185,770,0.157,0.361,,,direct_function_measure,watershed,proxy,revise,hypothesis
phab_BFWD_RAT,Channel evolution,Geomorphology,metric,true,nrsa,Bankfull width:depth ratio,optimum,optimum,optimum,false,0,,,none,,"At each transect, measure the bankfull width and the bankfull height above the water surface, and the thalweg depth. The value is the mean bankfull width divided by the mean bankfull depth (bankfull height plus thalweg depth).",11 transects,channel_form,none,l3;l2;l1;nars9,,,,channel-form-no-published-benchmark,,l3,NhdDrainageAreaClass,none,PHAB_LARGER.BFWD_RAT,PHAB.BFWD_RAT,PHAB.BFWD_RAT,epa_published,epa_published,epa_published,1314;1819;2324,3251,767,0.454,0.624,,channel-evolution-width-depth-ratio;channel-evolution-width-depth-ratio-state,direct_function_measure,site_reach,none,retain,hypothesis
phab_BFWD_RAT,Floodplain connectivity,Hydraulics,metric,true,nrsa,Bankfull width:depth ratio,optimum,optimum,optimum,false,0,,,none,,"At each transect, measure the bankfull width and the bankfull height above the water surface, and the thalweg depth. The value is the mean bankfull width divided by the mean bankfull depth (bankfull height plus thalweg depth).",11 transects,channel_form,none,l3;l2;l1;nars9,,,,channel-form-no-published-benchmark,,l3,NhdDrainageAreaClass,none,PHAB_LARGER.BFWD_RAT,PHAB.BFWD_RAT,PHAB.BFWD_RAT,epa_published,epa_published,epa_published,1314;1819;2324,3251,767,0.454,0.624,,channel-evolution-width-depth-ratio;channel-evolution-width-depth-ratio-state,direct_function_measure,site_reach,none,retain,hypothesis
phab_LRBS_use,Sediment continuity,Geomorphology,metric,true,nrsa,Relative bed stability (log),optimum,optimum,optimum,true,,,,none,,"Computed, not read in the field. It is the base 10 logarithm of the ratio of the geometric mean particle diameter to the largest diameter the bankfull flow can move, from the particle count, reach slope, bankfull depth, wood tally and residual pools, with the NRSA physical habitat calculations.",whole reach,substrate,none,l3;l2;l1;nars9,,,,nrsa-habitat-modeled-expectations,,l3,NhdDrainageAreaClass,2r_l1,PHAB_INDICATORS.LRBS_USE,PHAB.LRBS_USE,PHAB.LRBS_USE,epa_published,epa_published,epa_published,1314;1819;2324,3232,765,0.283,0.597,phab_LSUB_DMM:red01(1);phab_LSUB_DMM:red02(1);phab_PCT_SAFN:red01(1);phab_PCT_SAFN:red02(2);phab_XEMBED:red02(3),,direct_function_measure,site_reach,none,retain,hypothesis
phab_LSUB_DMM,Bed composition and bedform dynamics,Geomorphology,metric,true,nrsa,Substrate size (log mm),higher_is_better,monotone,monotone_increasing,true,,,,none,,"From the same 105-particle size class count as sand and fines. The value is the base 10 logarithm of the geometric mean particle diameter in millimeters, computed from the size classes with the NRSA physical habitat calculations.",21 cross-sections,substrate,none,l3;l2;l1;nars9,,,,,candidate,l2,,1B_mixed_local;2r_l3,PHAB_LARGER.LSUB_DMM,PHAB.LSUB_DMM,PHAB.LSUB_DMM,epa_published,epa_published,epa_published,1314;1819;2324,3255,768,0.405,0.446,phab_LRBS_use:red01(1);phab_LRBS_use:red02(1);phab_PCT_FAST:red02(2);phab_PCT_SAFN:red01(2);phab_RP100_cm:red02(1);phab_XEMBED:red01(1);phab_XEMBED:red02(1),,direct_function_measure,site_reach,none,retain,hypothesis
phab_LWDeqVolM100,Bed composition and bedform dynamics,Geomorphology,metric,true,nrsa,Large wood volume (m3/100m),higher_is_better,monotone,monotone_increasing,false,0,,,none,,"Between each pair of transects, tally every piece of wood at least 10 cm in diameter and 1.5 m long in or above the bankfull channel, by length and diameter class. The value is the wood volume per 100 m of channel, computed from the tally classes.",between transects,riparian,none,l3;l2;l1;nars9,,,,,,l3,,3a_envelope;3c_matched,PHAB_LARGER.LWDEQVOLM100,PHAB.LWDEQVOLM100,PHAB.LWDEQVOLM100,epa_published,epa_published,epa_published,1819;2324,2399,558,0.37,0.436,chem_PH:red02(1);fish_NAT_LITHPIND:red02(1);fish_NAT_NTOLPTAX:red02(1),,direct_function_measure,site_reach,none,revise,hypothesis
phab_PCT_FAST,Habitat provision,Biology,metric,true,nrsa,Fast-water / riffle habitat (%),higher_is_better,monotone,monotone_increasing,false,0,100,,none,,"At each thalweg station record the channel unit (falls, cascade, rapid, riffle, glide, pool, dry). The value is the percent of stations in fast water (falls, cascade, rapid or riffle).",thalweg profile,channel_form,none,l3;l2;l1;nars9,,,,,candidate,l2,NhdSlopeClass,1B_mixed_local;2r_l2,PHAB_LARGER.PCT_FAST,PHAB.PCT_FAST,PHAB.PCT_FAST,epa_published,epa_published,epa_published,1314;1819;2324,3255,768,0.457,0.613,fish_NAT_TOLRPIND:red02(1);phab_LSUB_DMM:red02(2);phab_PCT_SAFN:red02(2);phab_RP100_cm:red02(1);phab_XEMBED:red02(1),,direct_function_measure,site_reach,none,revise,hypothesis
phab_PCT_SAFN,Hyporheic connectivity,Hydraulics,metric,true,nrsa,Sand + fines (%),lower_is_better,monotone,monotone_decreasing,false,0,100,,none,,Record the size class of the particle at five evenly spaced points across each of the 11 transects and the 10 cross-sections midway between them (105 particles). The value is the percent of particles that are sand or finer.,21 cross-sections,substrate,none,l3;l2;l1;nars9,,,,,,l2,,2r_l2,PHAB_LARGER.PCT_SAFN,PHAB.PCT_SAFN,PHAB.PCT_SAFN,epa_published,epa_published,epa_published,1314;1819;2324,3255,768,0.447,0.512,phab_LRBS_use:red01(1);phab_LRBS_use:red02(2);phab_LSUB_DMM:red01(2);phab_PCT_FAST:red02(2);phab_XEMBED:red01(2);phab_XEMBED:red02(1),,direct_function_measure,site_reach,none,retain,hypothesis
phab_PCT_SAFN,Sediment continuity,Geomorphology,metric,true,nrsa,Sand + fines (%),lower_is_better,monotone,monotone_decreasing,false,0,100,,none,,Record the size class of the particle at five evenly spaced points across each of the 11 transects and the 10 cross-sections midway between them (105 particles). The value is the percent of particles that are sand or finer.,21 cross-sections,substrate,none,l3;l2;l1;nars9,,,,,,l2,,2r_l2,PHAB_LARGER.PCT_SAFN,PHAB.PCT_SAFN,PHAB.PCT_SAFN,epa_published,epa_published,epa_published,1314;1819;2324,3255,768,0.447,0.512,phab_LRBS_use:red01(1);phab_LRBS_use:red02(2);phab_LSUB_DMM:red01(2);phab_PCT_FAST:red02(2);phab_XEMBED:red01(2);phab_XEMBED:red02(1),,direct_function_measure,site_reach,none,retain,hypothesis
phab_RP100_cm,Low flow and baseflow dynamics,Hydraulics,metric,true,nrsa,Residual pool depth (cm),higher_is_better,monotone,monotone_increasing,false,0,,,none,,"Measure the thalweg depth at 10 or 15 evenly spaced stations between each pair of transects (100 or 150 along the reach). The value is the mean residual pool depth in centimeters, computed from that depth profile and the reach slope with the NRSA physical habitat calculations.",thalweg profile,channel_form,none,l3;l2;l1;nars9,,,,,,l3,NhdSlopeClass,2r_l2,,PHAB.RP100_CM,PHAB.RP100_CM,,epa_published,epa_published,1819;2324,3226,763,0.133,0.351,phab_LSUB_DMM:red02(1);phab_PCT_FAST:red02(1);phab_XCDENMID:red02(1),,direct_function_measure,site_reach,none,revise,hypothesis
phab_SINU,Channel and floodplain dynamics,Geomorphology,metric,true,nrsa,Sinuosity,higher_is_better,monotone,monotone_increasing,false,1,,,none,,Take a compass bearing (backsight) and the distance between each pair of neighboring transects. The value is the channel length along those segments divided by the straight line distance between the ends of the reach.,whole reach,channel_form,none,l3;l2;l1;nars9,,,,channel-form-no-published-benchmark,,l3,,2r_l1;2r_l2;2r_nars9;3a_envelope;3c_matched,PHAB_LARGER.SINU,PHAB.SINU,PHAB.SINU,epa_published,epa_published,epa_published,1314;1819;2324,2499,691,0.44,0.554,,channel-and-floodplain-dynamics-sinuosity,direct_function_measure,site_reach,none,retain,hypothesis
phab_XBKA,Channel and floodplain dynamics,Geomorphology,metric,true,nrsa,Bank angle (degrees),optimum,optimum,optimum,false,0,180,flat,none,,"At the left and the right bank of each transect, lay a pole about one meter long against the bank and read its angle from horizontal with a clinometer, in degrees. The value is the mean of the 22 readings.","11 transects, both banks",channel_form,none,l3;l2;l1;nars9,,,,channel-form-no-published-benchmark,candidate,l2,,1B_mixed_local;2r_l1;2r_l2;2r_l3;2r_nars9;3a_envelope;3c_matched,PHAB_LARGER.XBKA,PHAB.XBKA,PHAB.XBKA,epa_published,epa_published,epa_published,1314;1819;2324,2523,695,0.365,0.426,,,direct_function_measure,site_reach,none,retain,hypothesis
phab_XBKF_H,Channel evolution,Geomorphology,metric,true,nrsa,Bankfull height / incision (m),optimum,optimum,optimum,false,0,,,none,,"At each transect, measure the height of the bankfull elevation above the present water surface in meters, with a rod at the water's edge and a clinometer held level at bankfull. The value is the mean of the 11 heights.",11 transects,channel_form,none,l3;l2;l1;nars9,,,,channel-form-no-published-benchmark,,l3,NhdDrainageAreaClass,none,PHAB_LARGER.XBKF_H,PHAB.XBKF_H,PHAB.XBKF_H,epa_published,epa_published,epa_published,1314;1819;2324,3256,768,0.536,0.588,,,direct_function_measure,site_reach,none,retain,hypothesis
phab_XBKF_H,Floodplain connectivity,Hydraulics,metric,true,nrsa,Bankfull height above channel (m),optimum,optimum,optimum,false,0,,,none,,"At each transect, measure the height of the bankfull elevation above the present water surface in meters, with a rod at the water's edge and a clinometer held level at bankfull. The value is the mean of the 11 heights.",11 transects,channel_form,none,l3;l2;l1;nars9,,,,channel-form-no-published-benchmark,,l3,NhdDrainageAreaClass,none,PHAB_LARGER.XBKF_H,PHAB.XBKF_H,PHAB.XBKF_H,epa_published,epa_published,epa_published,1314;1819;2324,3256,768,0.536,0.588,,,direct_function_measure,site_reach,none,retain,hypothesis
phab_XCDENMID,Light and thermal regime,Physicochemistry,metric,true,nrsa,"Canopy density, mid-channel (%)",higher_is_better,monotone,monotone_increasing,false,0,100,,none,,"At mid-channel on each transect, read a convex spherical densiometer facing upstream, downstream, left and right, counting the covered points of 17. The value is the mean of the 44 readings as a percent.","11 transects, mid-channel",riparian,none,l3;l2;l1;nars9,,,,,,l3,NhdDrainageAreaClass,none,PHAB_LARGER.XCDENMID,PHAB.XCDENMID,PHAB.XCDENMID,epa_published,epa_published,epa_published,1314;1819;2324,2523,695,0.497,0.6475,chem_CHLA:red02(1);phab_RP100_cm:red02(1);phab_XCMGW:red02(1);phab_XFC_NAT:red01(1),,direct_function_measure,riparian_corridor,none,retain,hypothesis
phab_XCMGW,Carbon processing,Physicochemistry,metric,true,nrsa,"Riparian veg cover, woody (frac)",higher_is_better,monotone,monotone_increasing,false,0,,,none,,"In a 10 m by 10 m plot on each bank at each transect, estimate the areal cover class of woody vegetation in the canopy, the understory and the ground layer. The value is the summed woody cover of the three layers, averaged over the 22 plots, as a fraction.","11 transects, both banks",riparian,none,l3;l2;l1;nars9,,,,nrsa-habitat-modeled-expectations,candidate,l3,,1B_mixed_local;2r_l3,PHAB_LARGER.XCMGW,PHAB.XCMGW,PHAB.XCMGW,epa_published,epa_published,epa_published,1314;1819;2324,3257,768,0.538,0.575,bent_EPT_NTAX:red02(1);phab_XCDENMID:red02(1),,direct_function_measure,riparian_corridor,none,revise,hypothesis
phab_XEMBED,Bed composition and bedform dynamics,Geomorphology,metric,true,nrsa,Embeddedness (%),lower_is_better,monotone,monotone_decreasing,false,0,100,,none,,"At five evenly spaced points across each of the 11 transects, estimate how much of the particle under the point is buried in sand and finer sediment, in percent. Record the 55 estimates. The value is their mean.",11 transects,substrate,none,l3;l2;l1;nars9,,,,,candidate,l2,,1B_mixed_local;2r_l2;2r_l3,PHAB_LARGER.XEMBED,PHAB.XEMBED,PHAB.XEMBED,epa_published,epa_published,epa_published,1314;1819;2324,2521,695,0.548,0.649,phab_LRBS_use:red02(3);phab_LSUB_DMM:red01(1);phab_LSUB_DMM:red02(1);phab_PCT_FAST:red02(1);phab_PCT_SAFN:red01(2);phab_PCT_SAFN:red02(1),,direct_function_measure,site_reach,none,retain,hypothesis
phab_XEMBED,Hyporheic connectivity,Hydraulics,metric,true,nrsa,Embeddedness (%),lower_is_better,monotone,monotone_decreasing,false,0,100,,none,,"At five evenly spaced points across each of the 11 transects, estimate how much of the particle under the point is buried in sand and finer sediment, in percent. Record the 55 estimates. The value is their mean.",11 transects,substrate,none,l3;l2;l1;nars9,,,,,candidate,l2,,1B_mixed_local;2r_l2;2r_l3,PHAB_LARGER.XEMBED,PHAB.XEMBED,PHAB.XEMBED,epa_published,epa_published,epa_published,1314;1819;2324,2521,695,0.548,0.649,phab_LRBS_use:red02(3);phab_LSUB_DMM:red01(1);phab_LSUB_DMM:red02(1);phab_PCT_FAST:red02(1);phab_PCT_SAFN:red01(2);phab_PCT_SAFN:red02(1),,direct_function_measure,site_reach,none,retain,hypothesis
phab_XFC_NAT,Habitat provision,Biology,metric,true,nrsa,Natural fish cover (frac),higher_is_better,monotone,monotone_increasing,false,0,,,none,,"In the 10 m of channel centered on each transect, estimate the areal cover class of each fish cover type on the form (wood, brush, overhanging vegetation, undercut banks, boulders and the rest). The value is the summed areal cover of the types that are not man-made, averaged over the transects.",11 transects,riparian,none,l3;l2;l1;nars9,,,,nrsa-habitat-modeled-expectations,,l3,NhdDrainageAreaClass,2r_l3,PHAB_LARGER.XFC_NAT,PHAB.XFC_NAT,PHAB.XFC_NAT,epa_published,epa_published,epa_published,1314;1819;2324,3257,768,0.567,0.616,chem_CHLA:red02(1);phab_XCDENMID:red01(1),,direct_function_measure,site_reach,none,retain,hypothesis
precip8110,Reach inflow,Hydrology,both,true,streamcat,Mean annual precipitation (mm),predictor_only,,,,,,,,,,,,,,,,,,,,,,,,,,,,,3185,770,,,,,natural_setting_covariate,watershed,none,retain,hypothesis
rdcrs,Watershed connectivity,Biology,both,true,streamcat,"Road-stream crossings (StreamCat RdCrsWs, API units)",lower_is_better,monotone,monotone_decreasing,false,0,,,none,Units caution: enter the StreamCat API value as served. A crossing density computed by hand in crossings per square kilometer lands about 100 times above this curve.,,,,,,,,,,,,,,,,,,,,,,,,,,,pressure_proxy,watershed,proxy,retain,hypothesis
rddens,Reach inflow,Hydrology,both,true,streamcat,Road density (km/sq km),lower_is_better,monotone,monotone_decreasing,false,0,,,none,,Road length per square kilometer of watershed. DEEP computes it for the delineated watershed. Nothing is measured in the field.,desktop,,,,rddensws,Good <1 km/km²; Fair 1-<3 km/km²; Poor ≥3 km/km²,,,,,,,,,,,,,,3185,770,,,,,pressure_proxy,watershed,screen_variable;fixed_criterion_input;proxy,retain,hypothesis
runoff,High flow dynamics,Hydraulics,both,true,streamcat,Mean annual runoff (mm),predictor_only,,,,,,,,,,,,,,,,,,,,,,,,,,,,,3185,770,,,,,natural_setting_covariate,watershed,proxy,retain,hypothesis
runoff,Reach inflow,Hydrology,both,true,streamcat,Mean annual runoff (mm),predictor_only,,,,,,,,,,,,,,,,,,,,,,,,,,,,,3185,770,,,,,natural_setting_covariate,watershed,proxy,retain,hypothesis
se_agws,Catchment hydrology,Hydrology,predictor,false,site_engine,"Agricultural cover, HR reach watershed (%)",,,,,,,,,,,,,,,,,,,,,,,,,,,,,,,,,,,,pressure_proxy,watershed,none,retain,hypothesis
se_damnrmstor,Streamflow regime,Hydrology,predictor,false,site_engine,"Dam storage, HR reach watershed (m3/sq km)",,,,,,,,,,,,,,,,,,,,,,,,,,,,,,,,,,,,pressure_proxy,watershed,none,retain,hypothesis
se_kffactws,Sediment continuity,Geomorphology,predictor,false,site_engine,"Soil K-factor, HR reach watershed",,,,,,,,,,,,,,,,,,,,,,,,,,,,,,,,,,,,natural_setting_covariate,watershed,none,retain,hypothesis
se_pctimpws,Catchment hydrology,Hydrology,predictor,false,site_engine,"Impervious cover, HR reach watershed (%)",,,,,,,,,,,,,,,,,,,,,,,,,,,,,,,,,,,,pressure_proxy,watershed,none,retain,hypothesis
se_rddensws,Reach inflow,Hydrology,predictor,false,site_engine,"Road density, HR reach watershed (km/sq km)",,,,,,,,,,,,,,,,,,,,,,,,,,,,,,,,,,,,pressure_proxy,watershed,none,retain,hypothesis
se_runoffmm,Reach inflow,Hydrology,predictor,false,site_engine,"Runoff depth, EROM-derived (mm/yr)",,,,,,,,,,,,,,,,,,,,,,,,,,,,,,,,,,,,natural_setting_covariate,watershed,none,retain,hypothesis
se_wsareasqkm,Reach inflow,Hydrology,predictor,false,site_engine,"Drainage area, HR reach watershed (sq km)",,,,,,,,,,,,,,,,,,,,,,,,,,,,,,,,,,,,natural_setting_covariate,watershed,none,retain,hypothesis
