metric_key,cycle,eligible,pooled_cycles,epa_short_name,epa_definition,epa_definition_comparison,units,origin,origin_rationale,n_values,nonfinite_n,n_stations_frame,n_stations_strict,frame_stations_sampled,strict_stations_sampled,missingness_in_frame,protocol_wadeable_n,protocol_boatable_n,zero_share,domain_min,domain_max,out_of_domain_n,detection_limit_handling,min,q25,median,q75,max,cycle_median_ratio,n_selected,share_not_newest,multi_cycle_stations,median_abs_rel_change,repeat_pairs_n,repeat_median_abs_diff,repeat_within_10pct_share,problems
bent_EPT_NTAX,1314,yes,,EPT_NTAX,No. of EPT taxa,Same/equivalent EPA label across available cycles,,epa_published,,2255,0,1476,360,1480,361,0.0027,1137,321,0.0426,0,,0,not documented,0,4,8,13,35,,,,,,190,2,0.2211,
bent_EPT_NTAX,1819,yes,,,,Same/equivalent EPA label across available cycles,,legacy_r_app,benthic_and_fish_2018_19,2105,0,1360,293,1363,293,0.0022,1054,306,0.0456,0,,0,not documented,0,3,7,12,30,,,,,,0,,,
bent_EPT_NTAX,2324,yes,,EPT_NTAX,No. of EPT taxa,Same/equivalent EPA label across available cycles,,epa_published,,2094,0,1461,354,1467,356,0.0041,1099,361,0.0597,0,,0,not documented,0,3,7,12,31,,,,,,184,2,0.2772,
bent_EPT_NTAX,pooled,yes,"1314,1819,2324",EPT_NTAX,,Same/equivalent EPA label across available cycles,,epa_published; legacy_r_app,benthic_and_fish_2018_19,6454,0,3264,768,3267,770,0.0009,2486,767,0.0489,0,,0,not documented,0,3,7,13,33,1.1429,4373,0.0016,1499,0.4,374,2,0.2487,
bent_HPRIME,1314,yes,,HPRIME,"Shannon diversity- sum of prop_i*ln(prop_i) based only on distinct taxa, where prop_i=proportion of species i in sample",Same/equivalent EPA label across available cycles,,epa_published,,2255,0,1476,360,1480,361,0.0027,1137,321,0.0013,0,,0,not documented,0,2.18,2.58,2.92,3.74,,,,,,190,0.315,0.3789,
bent_HPRIME,1819,yes,,,,Same/equivalent EPA label across available cycles,,legacy_r_app,benthic_and_fish_2018_19,2105,0,1360,293,1363,293,0.0022,1054,306,0.0014,0,,0,not documented,0,2.13,2.52,2.88,3.71,,,,,,0,,,
bent_HPRIME,2324,yes,,HPRIME,"Shannon diversity- sum of prop_i*ln(prop_i) based only on distinct taxa, where prop_i=proportion of species i in sample",Same/equivalent EPA label across available cycles,,epa_published,,2094,0,1461,354,1467,356,0.0041,1099,361,0.001,0,,0,not documented,0,2.18,2.57,2.92,3.74,,,,,,184,0.31,0.4511,
bent_HPRIME,pooled,yes,"1314,1819,2324",HPRIME,,Same/equivalent EPA label across available cycles,,epa_published; legacy_r_app,benthic_and_fish_2018_19,6454,0,3264,768,3267,770,0.0009,2486,767,0.0011,0,,0,not documented,0,2.17,2.56,2.91,3.74,1.0238,4373,0.0016,1499,0.1364,374,0.31,0.4144,
bent_MMI_BENT,1314,yes,,MMI_BENT,Benthic MMI score,Not comparable across cycles; Same/equivalent EPA label across available cycles,MMI points,epa_published,,2255,0,1476,360,1480,361,0.0027,1137,321,0.0075,0,100,0,not documented,0,23.6,38.55,55.185,100,,,,,,190,7.365,0.2526,
bent_MMI_BENT,1819,yes,,MMI_BENT,Benthic MMI score,Not comparable across cycles; Same/equivalent EPA label across available cycles,MMI points,epa_published,,2104,0,1361,293,1363,293,0.0015,1055,306,0.0081,0,100,0,not documented,0,21.9275,36.115,52.3225,97.15,,,,,,188,8.15,0.1915,
bent_MMI_BENT,2324,yes,,MMI_BENT,Benthic MMI score,Not comparable across cycles; Same/equivalent EPA label across available cycles,MMI points,epa_published,,2094,0,1461,354,1467,356,0.0041,1099,361,0.01,0,100,0,not documented,0,22.1325,35.7,51.0575,92.67,,,,,,184,6.955,0.3043,
bent_MMI_BENT,pooled,yes,"1314,1819,2324",MMI_BENT,,Not comparable across cycles; Same/equivalent EPA label across available cycles,MMI points,epa_published,,6453,0,3264,768,3267,770,0.0009,2486,767,0.0075,0,100,0,not documented,0,22.9,37.2,53.42,100,1.0798,4373,0.0014,1500,0.2792,562,7.525,0.2491,
bent_OE_SCORE,1314,yes,,OE_SCORE,O/E score for benthic sample,Not comparable across cycles,ratio,epa_published,,2255,0,1476,360,1480,361,0.0027,1137,321,0.0031,0,,0,not documented,0,0.5981,0.8432,1.045,1.5628,,,,,,190,0.1173,0.3263,
bent_OE_SCORE,1819,yes,,,,Not comparable across cycles,ratio,,,0,0,0,0,1363,293,1,0,0,,0,,0,not documented,,,,,,,,,,,0,,,eligible cycle carries no values
bent_OE_SCORE,2324,yes,,,,Not comparable across cycles,ratio,,,0,0,0,0,1467,356,1,0,0,,0,,0,not documented,,,,,,,,,,,0,,,eligible cycle carries no values
bent_OE_SCORE,pooled,yes,1314,OE_SCORE,,Not comparable across cycles,ratio,epa_published,,2255,0,1476,360,3267,770,0.5482,1137,321,0.0034,0,,0,not documented,0,0.6031,0.8521,1.0481,1.5628,1,2062,0.452,0,,190,0.1173,0.3263,
bent_TOLRPIND,1314,yes,,TOLRPIND,% Tolerant (PTV>=7) individuals,Same/equivalent EPA label across available cycles,,epa_published,,2255,0,1476,360,1480,361,0.0027,1137,321,0.0129,0,100,0,not documented,0,8.67,19,36.33,99,,,,,,190,8,0.1579,
bent_TOLRPIND,1819,yes,,,,Same/equivalent EPA label across available cycles,,legacy_r_app,benthic_and_fish_2018_19,2105,0,1360,293,1363,293,0.0022,1054,306,0.0133,0,100,0,not documented,0,8,18.22,36.54,100,,,,,,0,,,
bent_TOLRPIND,2324,yes,,TOLRPIND,% Tolerant (PTV>=7) individuals,Same/equivalent EPA label across available cycles,,epa_published,,2094,0,1461,354,1467,356,0.0041,1099,361,0.0105,0,100,0,not documented,0,8.33,19.365,36.7375,100,,,,,,184,7.685,0.125,
bent_TOLRPIND,pooled,yes,"1314,1819,2324",TOLRPIND,,Same/equivalent EPA label across available cycles,,epa_published; legacy_r_app,benthic_and_fish_2018_19,6454,0,3264,768,3267,770,0.0009,2486,767,0.0121,0,100,0,not documented,0,8,18.33,36.33,100,1.0628,4373,0.0016,1499,0.5685,374,7.985,0.1417,
bent_TOTLNTAX,1314,yes,,TOTLNTAX,Number of distinct taxa in sample,Same/equivalent EPA label across available cycles,,epa_published,,2255,0,1476,360,1480,361,0.0027,1137,321,0,0,,0,not documented,1,24,32,40,68,,,,,,190,6,0.2737,
bent_TOTLNTAX,1819,yes,,,,Same/equivalent EPA label across available cycles,,legacy_r_app,benthic_and_fish_2018_19,2105,0,1360,293,1363,293,0.0022,1054,306,0,0,,0,not documented,1,22,30,39,65,,,,,,0,,,
bent_TOTLNTAX,2324,yes,,TOTLNTAX,Number of distinct taxa in sample,Same/equivalent EPA label across available cycles,,epa_published,,2094,0,1461,354,1467,356,0.0041,1099,361,0,0,,0,not documented,1,22,31,40,70,,,,,,184,5.5,0.3152,
bent_TOTLNTAX,pooled,yes,"1314,1819,2324",TOTLNTAX,,Same/equivalent EPA label across available cycles,,epa_published; legacy_r_app,benthic_and_fish_2018_19,6454,0,3264,768,3267,770,0.0009,2486,767,0,0,,0,not documented,1,23,31,40,70,1.0667,4373,0.0016,1499,0.2308,374,6,0.2941,
chem_CHLA,1314,yes,,CHLA_RESULT,Chlorophyll a for NA,Not comparable across cycles; Same/equivalent EPA label across available cycles,ug/L,epa_published,,2259,0,1478,360,1480,361,0.0014,1136,324,0,0,,0,"EPA publishes CHLA_MDL, CHLA_RL, CHLA_NARS_FLAG; no substitution rule for a non-detect in the value column is stated",0.01,0.9877,2.456,7.409,285.4286,,,,,,192,1.05,0.1094,
chem_CHLA,1819,yes,,CHLA_RESULT,Analyte value: chlorophyll-a,Not comparable across cycles; Same/equivalent EPA label across available cycles,ug/L,epa_published,,2023,0,1318,289,1363,293,0.033,1034,284,0,0,,0,"EPA publishes CHLA_MDL, CHLA_RL, CHLA_NARS_FLAG; no substitution rule for a non-detect in the value column is stated",0.03,1.17,2.74,8.16,420.48,,,,,,183,1.35,0.0874,
chem_CHLA,2324,yes,,CHLA_RESULT,Analyte value: chlorophyll-a,Not comparable across cycles; Same/equivalent EPA label across available cycles,ug/L,epa_published,,2098,0,1464,354,1467,356,0.002,1098,365,0,0,,0,"EPA publishes CHLA_MDL, CHLA_RL, CHLA_NARS_FLAG; no substitution rule for a non-detect in the value column is stated",0.0104,1.1,2.64,8.8725,436,,,,,,185,1.02,0.1351,
chem_CHLA,pooled,yes,"1314,1819,2324",CHLA_RESULT,,Not comparable across cycles; Same/equivalent EPA label across available cycles,ug/L,epa_published,,6380,0,3250,764,3267,770,0.0052,2474,765,0,0,,0,"EPA publishes CHLA_MDL, CHLA_RL, CHLA_NARS_FLAG; no substitution rule for a non-detect in the value column is stated",0.01,1.08,2.58,8.1,436,1.1156,4357,0.0062,1447,0.6177,560,1.083,0.1107,
chem_COND,1314,yes,,COND_RESULT,Conductivity for NA,EPA label differs and/or is blank across cycles; Not comparable across cycles,uS/cm,epa_published,,2260,0,1479,360,1480,361,0.0007,1137,324,0,0,,0,"EPA publishes COND_MDL, COND_RL, COND_NARS_FLAG; no substitution rule for a non-detect in the value column is stated",11.4,109.525,292,584.25,83440,,,,,,192,21.7,0.5312,
chem_COND,1819,yes,,COND_RESULT,Analyte value: conductivity,EPA label differs and/or is blank across cycles; Not comparable across cycles,uS/cm,epa_published,,2107,0,1362,293,1363,293,0.0007,1054,308,0,0,,0,"EPA publishes COND_MDL, COND_RL, COND_NARS_FLAG; no substitution rule for a non-detect in the value column is stated",8.28,123.495,328.8,620.3,118000,,,,,,189,23.31,0.4921,
chem_COND,2324,yes,,COND_RESULT,Analyte value: conductivity,EPA label differs and/or is blank across cycles; Not comparable across cycles,uS/cm,epa_published,,2098,0,1464,355,1467,356,0.002,1098,365,0,0,,0,"EPA publishes COND_MDL, COND_RL, COND_NARS_FLAG; no substitution rule for a non-detect in the value column is stated",9.2,104,286,588,48100,,,,,,184,16.4,0.5,
chem_COND,pooled,yes,"1314,1819,2324",COND_RESULT,,EPA label differs and/or is blank across cycles; Not comparable across cycles,uS/cm,epa_published,,6465,0,3265,770,3267,770,0.0006,2485,769,0,0,,0,"EPA publishes COND_MDL, COND_RL, COND_NARS_FLAG; no substitution rule for a non-detect in the value column is stated",8.28,108.95,306,604,118000,1.1497,4376,0.0002,1507,0.1317,565,19,0.508,
chem_DOC,1314,yes,,DOC_RESULT,Dissolved Organic Carbon - MG/L,EPA label differs and/or is blank across cycles; Not comparable across cycles,mg/L,epa_published,,2261,0,1480,361,1480,361,0,1138,324,0,,,,"EPA publishes DOC_MDL, DOC_RL, DOC_NARS_FLAG; no substitution rule for a non-detect in the value column is stated",0.19,1.81,3.42,6.01,62.76,,,,,,192,0.39,0.3958,
chem_DOC,1819,yes,,DOC_RESULT,Analyte value: dissolved organic carbon,EPA label differs and/or is blank across cycles; Not comparable across cycles,mg/L,epa_published,,2105,0,1360,293,1363,293,0.0022,1052,308,0,,,,"EPA publishes DOC_MDL, DOC_RL, DOC_NARS_FLAG; no substitution rule for a non-detect in the value column is stated",0.21,1.82,3.32,5.85,75.94,,,,,,189,0.43,0.3757,
chem_DOC,2324,yes,,DOC_RESULT,Analyte value: dissolved organic carbon,EPA label differs and/or is blank across cycles; Not comparable across cycles,mg/L,epa_published,,2100,0,1466,355,1467,356,0.0007,1100,365,0,,,,"EPA publishes DOC_MDL, DOC_RL, DOC_NARS_FLAG; no substitution rule for a non-detect in the value column is stated",0.23,1.82,3.36,5.9325,83.9,,,,,,184,0.565,0.2935,
chem_DOC,pooled,yes,"1314,1819,2324",DOC_RESULT,,EPA label differs and/or is blank across cycles; Not comparable across cycles,mg/L,epa_published,,6466,0,3265,770,3267,770,0.0006,2485,769,0,,,,"EPA publishes DOC_MDL, DOC_RL, DOC_NARS_FLAG; no substitution rule for a non-detect in the value column is stated",0.19,1.7875,3.375,6,80.7,1.0301,4376,0.0005,1508,0.2101,565,0.47,0.3558,
chem_NTL,1314,yes,,NTL_RESULT,Total Nitrogen for NA,EPA label differs and/or is blank across cycles,mg N/L,epa_published,,2261,0,1480,361,1480,361,0,1138,324,0.0018,0,,0,"EPA publishes NTL_MDL, NTL_RL, NTL_NARS_FLAG; no substitution rule for a non-detect in the value column is stated",0,0.268,0.608,1.29,26.125,,,,,,192,0.146,0.2812,
chem_NTL,1819,yes,,NTL_RESULT,Total Nitrogen,EPA label differs and/or is blank across cycles,mg N/L,epa_published,,2107,0,1362,293,1363,293,0.0007,1054,308,0,0,,0,"EPA publishes NTL_MDL, NTL_RL, NTL_NARS_FLAG; no substitution rule for a non-detect in the value column is stated",0.022,0.3085,0.676,1.4235,21.175,,,,,,189,0.109,0.328,
chem_NTL,2324,yes,,NTL_RESULT,Total Nitrogen,EPA label differs and/or is blank across cycles,mg N/L,epa_published,,2100,0,1466,355,1467,356,0.0007,1100,365,0,0,,0,"EPA publishes NTL_MDL, NTL_RL, NTL_NARS_FLAG; no substitution rule for a non-detect in the value column is stated",0.01,0.279,0.6,1.28,29.4,,,,,,184,0.12,0.3424,
chem_NTL,pooled,yes,"1314,1819,2324",NTL_RESULT,,EPA label differs and/or is blank across cycles,mg N/L,epa_published,,6468,0,3266,770,3267,770,0.0003,2486,769,0.0009,0,,0,"EPA publishes NTL_MDL, NTL_RL, NTL_NARS_FLAG; no substitution rule for a non-detect in the value column is stated",0,0.276,0.61,1.3,29.4,1.1267,4377,0.0002,1509,0.2655,565,0.125,0.3168,
chem_PH,1314,yes,,PH_RESULT,pH - STD. UNITS,EPA label differs and/or is blank across cycles; Not comparable across cycles,std units,epa_published,,2207,0,1447,357,1480,361,0.0223,1109,320,0,0,14,0,"EPA publishes PH_MDL, PH_RL, PH_NARS_FLAG; no substitution rule for a non-detect in the value column is stated",3.43,7.61,8.03,8.28,9.6,,,,,,186,0.105,0.9785,
chem_PH,1819,yes,,PH_RESULT,Analyte value: pH,EPA label differs and/or is blank across cycles; Not comparable across cycles,std units,epa_published,,2107,0,1362,293,1363,293,0.0007,1054,308,0,0,14,0,EPA publishes PH_NARS_FLAG; no substitution rule for a non-detect in the value column is stated,3.7,7.69,8.1,8.31,9.64,,,,,,189,0.09,1,
chem_PH,2324,yes,,PH_RESULT,Analyte value: pH,EPA label differs and/or is blank across cycles; Not comparable across cycles,std units,epa_published,,2100,0,1466,355,1467,356,0.0007,1100,365,0,0,14,0,EPA publishes PH_NARS_FLAG; no substitution rule for a non-detect in the value column is stated,3.71,7.54,7.98,8.22,9.39,,,,,,184,0.09,1,
chem_PH,pooled,yes,"1314,1819,2324",PH_RESULT,,EPA label differs and/or is blank across cycles; Not comparable across cycles,std units,epa_published,,6414,0,3252,769,3267,770,0.0046,2475,766,0,0,14,0,"EPA publishes PH_MDL, PH_RL, PH_NARS_FLAG; no substitution rule for a non-detect in the value column is stated",3.57,7.6275,8.04,8.27,9.64,1.015,4356,0.0002,1482,0.0157,559,0.1,0.9928,
chem_PTL,1314,yes,,PTL_RESULT,Total Phosphorus - UG/L,EPA label differs and/or is blank across cycles; Not comparable across cycles,ug/L,epa_published,,2261,0,1480,361,1480,361,0,1138,324,0.0022,0,,0,"EPA publishes PTL_MDL, PTL_RL, PTL_NARS_FLAG; no substitution rule for a non-detect in the value column is stated",0,33,67,140,6717,,,,,,192,17,0.2135,
chem_PTL,1819,yes,,PTL_RESULT,Total Phosphorus,EPA label differs and/or is blank across cycles; Not comparable across cycles,ug/L,epa_published,,2107,0,1362,293,1363,293,0.0007,1054,308,0,0,,1,"EPA publishes PTL_MDL, PTL_RL, PTL_NARS_FLAG; no substitution rule for a non-detect in the value column is stated",-2,23.141,57.139,133.5635,9248.3135,,,,,,189,13.741,0.2751,
chem_PTL,2324,yes,,PTL_RESULT,Total Phosphorus,EPA label differs and/or is blank across cycles; Not comparable across cycles,ug/L,epa_published,,2099,0,1465,354,1467,356,0.0014,1099,365,0,0,,0,"EPA publishes PTL_MDL, PTL_RL, PTL_NARS_FLAG; no substitution rule for a non-detect in the value column is stated",0.01,21.5,52.2,132,13500,,,,,,184,12.3,0.2011,
chem_PTL,pooled,yes,"1314,1819,2324",PTL_RESULT,,EPA label differs and/or is blank across cycles; Not comparable across cycles,ug/L,epa_published,,6467,0,3266,769,3267,770,0.0003,2485,770,0.0011,0,,1,"EPA publishes PTL_MDL, PTL_RL, PTL_NARS_FLAG; no substitution rule for a non-detect in the value column is stated",-2,24.4,57.829,134.684,13500,1.2835,4377,0.0005,1508,0.4069,565,14.5,0.2301,
chem_TURB,1314,yes,,TURB_RESULT,Turbidity for NA,EPA label differs and/or is blank across cycles,NTU,epa_published,,2260,0,1480,361,1480,361,0,1138,324,0,0,,0,"EPA publishes TURB_MDL, TURB_RL, TURB_NARS_FLAG; no substitution rule for a non-detect in the value column is stated",0.01,1.4175,3.9,11.5,13498.0498,,,,,,191,1.63,0.1204,
chem_TURB,1819,yes,,TURB_RESULT,Analyte value: turbidity,EPA label differs and/or is blank across cycles,NTU,epa_published,,2107,0,1363,293,1363,293,0,1055,308,0,0,,0,"EPA publishes TURB_MDL, TURB_RL, TURB_NARS_FLAG; no substitution rule for a non-detect in the value column is stated",0.01,2.09,5.86,17.075,9216,,,,,,189,2.25,0.0899,
chem_TURB,2324,yes,,TURB_RESULT,Analyte value: turbidity,EPA label differs and/or is blank across cycles,NTU,epa_published,,2052,0,1422,323,1467,356,0.0307,1060,361,0,0,,0,"EPA publishes TURB_MDL, TURB_RL, TURB_NARS_FLAG; no substitution rule for a non-detect in the value column is stated",0.01,1.2,3.6,10.6,33500,,,,,,180,1.7,0.1167,
chem_TURB,pooled,yes,"1314,1819,2324",TURB_RESULT,,EPA label differs and/or is blank across cycles,NTU,epa_published,,6419,0,3233,744,3267,770,0.0104,2454,768,0,0,,0,"EPA publishes TURB_MDL, TURB_RL, TURB_NARS_FLAG; no substitution rule for a non-detect in the value column is stated",0.01,1.5,4.4,12.7875,33500,1.6278,4342,0.0028,1499,0.6784,560,1.79,0.1089,
fish_MMI_FISH,1314,yes,,MMI_FISH,Traditional MMI watershed adjusted value for MMI_FISH,Not comparable across cycles; Same/equivalent EPA label across available cycles,MMI points,epa_published,,1874,0,1244,283,1480,361,0.1595,1001,230,0.0208,0,100,0,not documented,0,34.06,47.13,60.135,94.69,,,,,,154,3.96,0.526,
fish_MMI_FISH,1819,yes,,MMI_FISH,Traditional MMI watershed adjusted value for MMI_FISH,Not comparable across cycles; Same/equivalent EPA label across available cycles,MMI points,epa_published,,1748,0,1164,246,1363,293,0.146,933,231,0.032,0,100,0,not documented,0,36.3225,48.21,61.7875,95.31,,,,,,162,4.115,0.5494,
fish_MMI_FISH,2324,yes,,MMI_FISH,Traditional MMI watershed adjusted value for MMI_FISH,Not comparable across cycles; Same/equivalent EPA label across available cycles,MMI points,epa_published,,1650,0,1176,271,1467,356,0.1984,933,243,0.0424,0,100,0,not documented,0,37.5725,49.66,62.8075,92.24,,,,,,138,3.12,0.6449,
fish_MMI_FISH,pooled,yes,"1314,1819,2324",MMI_FISH,,Not comparable across cycles; Same/equivalent EPA label across available cycles,MMI points,epa_published,,5272,0,2804,630,3267,770,0.1417,2239,556,0.0381,0,100,0,not documented,0,36.2625,48.675,62.4175,95.31,1.0537,3700,0.0516,1064,0.1176,454,3.77,0.5705,
fish_NAT_LITHPIND,1314,yes,,NAT_LITHPIND,% native individuals as simple lithophils,Same/equivalent EPA label across available cycles,%,epa_published,,1871,0,1234,265,1480,361,0.1662,991,230,0.1807,0,100,0,not documented,0,3.11,33.33,77.21,100,,,,,,153,4.11,0.3922,
fish_NAT_LITHPIND,1819,yes,,,,Same/equivalent EPA label across available cycles,%,legacy_r_app,benthic_and_fish_2018_19,1714,0,1128,220,1363,293,0.1724,894,234,0.1517,0,100,0,not documented,0,3.5175,29.02,74.595,100,,,,,,0,,,
fish_NAT_LITHPIND,2324,yes,,NAT_LITHPIND,% native individuals as simple lithophils,Same/equivalent EPA label across available cycles,%,epa_published,,1673,0,1197,286,1467,356,0.184,952,245,0.205,0,100,0,not documented,0,1.27,25.37,71.93,100,,,,,,140,3.465,0.4357,
fish_NAT_LITHPIND,pooled,yes,"1314,1819,2324",NAT_LITHPIND,,Same/equivalent EPA label across available cycles,%,epa_published; legacy_r_app,benthic_and_fish_2018_19,5258,0,2790,612,3267,770,0.146,2222,559,0.1877,0,100,0,not documented,0,2.24,29.1,75.52,100,1.3138,3697,0.0522,1056,0.3581,293,3.86,0.413,
fish_NAT_NTOLNTAX,1314,yes,,NAT_NTOLNTAX,No. native non-tolerant taxa based on TOLERANCE_NRSA,Same/equivalent EPA label across available cycles,,epa_published,,1871,0,1234,265,1480,361,0.1662,991,230,0.0844,0,,0,not documented,0,2,4,7,28,,,,,,153,1,0.3725,
fish_NAT_NTOLNTAX,1819,yes,,,,Same/equivalent EPA label across available cycles,,legacy_r_app,benthic_and_fish_2018_19,1714,0,1128,220,1363,293,0.1724,894,234,0.0648,0,,0,not documented,0,2,5,8,28,,,,,,0,,,
fish_NAT_NTOLNTAX,2324,yes,,NAT_NTOLNTAX,No. native non-tolerant taxa based on TOLERANCE_NRSA,Same/equivalent EPA label across available cycles,,epa_published,,1673,0,1197,286,1467,356,0.184,952,245,0.1148,0,,0,not documented,0,2,4,8,26,,,,,,140,1,0.4357,
fish_NAT_NTOLNTAX,pooled,yes,"1314,1819,2324",NAT_NTOLNTAX,,Same/equivalent EPA label across available cycles,,epa_published; legacy_r_app,benthic_and_fish_2018_19,5258,0,2790,612,3267,770,0.146,2222,559,0.1009,0,,0,not documented,0,2,4,8,28,1.25,3697,0.0522,1056,0.2857,293,1,0.4027,
fish_NAT_NTOLPTAX,1314,yes,,NAT_NTOLPTAX,% native non-tolerant taxa based on TOLERANCE_NRSA,Same/equivalent EPA label across available cycles,%,epa_published,,1871,0,1234,265,1480,361,0.1662,991,230,0.0844,0,100,0,not documented,0,39.13,53.33,71.43,100,,,,,,153,4.54,0.4902,
fish_NAT_NTOLPTAX,1819,yes,,,,Same/equivalent EPA label across available cycles,%,legacy_r_app,benthic_and_fish_2018_19,1714,0,1128,220,1363,293,0.1724,894,234,0.0648,0,100,0,not documented,0,42.86,57.69,75,100,,,,,,0,,,
fish_NAT_NTOLPTAX,2324,yes,,NAT_NTOLPTAX,% native non-tolerant taxa based on TOLERANCE_NRSA,Same/equivalent EPA label across available cycles,%,epa_published,,1673,0,1197,286,1467,356,0.184,952,245,0.1148,0,100,0,not documented,0,40,57.14,75,100,,,,,,140,4.76,0.5286,
fish_NAT_NTOLPTAX,pooled,yes,"1314,1819,2324",NAT_NTOLPTAX,,Same/equivalent EPA label across available cycles,%,epa_published; legacy_r_app,benthic_and_fish_2018_19,5258,0,2790,612,3267,770,0.146,2222,559,0.1009,0,100,0,not documented,0,40,57.14,75,100,1.0818,3697,0.0522,1056,0.1538,293,4.71,0.5085,
fish_NAT_TOLRPIND,1314,yes,,NAT_TOLRPIND,% Tolerant native individuals based on TOLERANCE_NRSA,Same/equivalent EPA label across available cycles,%,epa_published,,1871,0,1234,265,1480,361,0.1662,991,230,0.2416,0,100,0,not documented,0,1.16,29.79,60,100,,,,,,153,4.51,0.4967,
fish_NAT_TOLRPIND,1819,yes,,,,Same/equivalent EPA label across available cycles,%,legacy_r_app,benthic_and_fish_2018_19,1714,0,1128,220,1363,293,0.1724,894,234,0.2153,0,100,0,not documented,0,4.215,29.59,56.11,100,,,,,,0,,,
fish_NAT_TOLRPIND,2324,yes,,NAT_TOLRPIND,% Tolerant native individuals based on TOLERANCE_NRSA,Same/equivalent EPA label across available cycles,%,epa_published,,1673,0,1197,286,1467,356,0.184,952,245,0.2702,0,100,0,not documented,0,0,25.78,55.92,100,,,,,,140,5.155,0.3643,
fish_NAT_TOLRPIND,pooled,yes,"1314,1819,2324",NAT_TOLRPIND,,Same/equivalent EPA label across available cycles,%,epa_published; legacy_r_app,benthic_and_fish_2018_19,5258,0,2790,612,3267,770,0.146,2222,559,0.2567,0,100,0,not documented,0,0,26.77,56.34,100,1.1555,3697,0.0522,1056,0.3076,293,4.86,0.4334,
fish_NAT_TOTLNTAX,1314,yes,,NAT_TOTLNTAX,Total native taxa,Same/equivalent EPA label across available cycles,,epa_published,,1871,0,1234,265,1480,361,0.1662,991,230,0.0428,0,,0,not documented,0,3,8,14,41,,,,,,153,1,0.3987,
fish_NAT_TOTLNTAX,1819,yes,,,,Same/equivalent EPA label across available cycles,,legacy_r_app,benthic_and_fish_2018_19,1714,0,1128,220,1363,293,0.1724,894,234,0.0379,0,,0,not documented,0,4,9,16,41,,,,,,0,,,
fish_NAT_TOTLNTAX,2324,yes,,NAT_TOTLNTAX,Total native taxa,Same/equivalent EPA label across available cycles,,epa_published,,1673,0,1197,286,1467,356,0.184,952,245,0.0926,0,,0,not documented,0,3,8,15,40,,,,,,140,1,0.4143,
fish_NAT_TOTLNTAX,pooled,yes,"1314,1819,2324",NAT_TOTLNTAX,,Same/equivalent EPA label across available cycles,,epa_published; legacy_r_app,benthic_and_fish_2018_19,5258,0,2790,612,3267,770,0.146,2222,559,0.0676,0,,0,not documented,0,3,8,14,41,1.125,3697,0.0522,1056,0.2222,293,1,0.4061,
phab_BFWD_RAT,1314,yes,,BFWD_RAT,,EPA label differs and/or is blank across cycles,,epa_published,,2229,3,1461,357,1480,361,0.0128,1137,324,0,0,,0,not documented,0.7317,7.9572,14.2721,28.4448,713.9172,,,,,,187,2.267,0.369,3 non-finite value(s)
phab_BFWD_RAT,1819,yes,,BFWD_RAT,Bankfull Width/Depth Ratio,EPA label differs and/or is blank across cycles,,epa_published,,2101,0,1356,291,1363,293,0.0051,1048,308,0,0,,0,not documented,1.907,8.4256,14.6612,29.769,1456.9573,,,,,,188,2.1616,0.3936,
phab_BFWD_RAT,2324,yes,,BFWD_RAT,Bankfull Width/Depth Ratio,EPA label differs and/or is blank across cycles,,epa_published,,2097,0,1465,356,1467,356,0.0014,1100,365,0,0,,0,not documented,1.6414,8.424,14.1055,26.2382,469.4708,,,,,,185,1.8565,0.4216,
phab_BFWD_RAT,pooled,yes,"1314,1819,2324",BFWD_RAT,,EPA label differs and/or is blank across cycles,,epa_published,,6427,1,3252,767,3267,770,0.0046,2482,770,0,0,,0,not documented,0.7317,8.2179,14.0032,27.109,724.4098,1.0394,4357,0.0011,1492,0.222,560,2.1558,0.3946,1 non-finite selected value(s)
phab_LRBS_use,1314,yes,,LRBS_USE,"Log relative bed stability to use in assessing BEDSED_COND, filled in from other variables as needed",EPA label differs and/or is blank across cycles; Not comparable across cycles,log,epa_published,,2182,0,1448,357,1480,361,0.0216,1132,316,0,,,,not documented,-4.1132,-1.7737,-0.9728,-0.1133,3.8887,,,,,,184,0.2773,0.25,
phab_LRBS_use,1819,yes,,LRBS_USE,Log10(Relative Bed Stability-bankfull: Dgm/Dcb) (PRK 2008) LRBS_g08 with some substitutions,EPA label differs and/or is blank across cycles; Not comparable across cycles,log,epa_published,,2093,0,1360,293,1363,293,0.0022,1052,308,0,,,,not documented,-4.0194,-1.7599,-0.9744,-0.1425,4.9642,,,,,,185,0.2059,0.3297,
phab_LRBS_use,2324,yes,,LRBS_USE,"Log relative bed stability to use in assessing BEDSED_COND, filled in from other variables as needed",EPA label differs and/or is blank across cycles; Not comparable across cycles,log,epa_published,,2044,0,1445,353,1467,356,0.015,1100,345,0,,,,not documented,-4.7426,-1.586,-0.8406,-0.1,4.3828,,,,,,181,0.2483,0.2818,
phab_LRBS_use,pooled,yes,"1314,1819,2324",LRBS_use,,EPA label differs and/or is blank across cycles; Not comparable across cycles,log,epa_published,,6319,0,3232,765,3267,770,0.0107,2483,749,0,,,,not documented,-4.7426,-1.6813,-0.9102,-0.1131,4.3828,1.1591,4303,0.0053,1446,0.5403,550,0.247,0.2873,
phab_LSUB_DMM,1314,yes,,LSUB_DMM,,EPA label differs and/or is blank across cycles,log mm,epa_published,,2206,0,1456,357,1480,361,0.0162,1132,324,0,,,,not documented,-2.1109,-0.6657,0.0987,1.3053,3.7526,,,,,,186,0.1389,0.4194,
phab_LSUB_DMM,1819,yes,,LSUB_DMM,Log10(Dgm--Geometric Mean Bed Surface Particle Diameter--mm)),EPA label differs and/or is blank across cycles,log mm,epa_published,,2096,0,1362,293,1363,293,0.0007,1054,308,0,,,,not documented,-2.1109,-0.6586,0.0466,1.2965,3.7526,,,,,,186,0.1496,0.4247,
phab_LSUB_DMM,2324,yes,,LSUB_DMM,Log10(Dgm--Geometric Mean Bed Surface Particle Diameter--mm)),EPA label differs and/or is blank across cycles,log mm,epa_published,,2096,0,1466,356,1467,356,0.0007,1101,365,0,,,,not documented,-2.1109,-0.7994,0.0623,1.2867,3.7064,,,,,,184,0.188,0.3478,
phab_LSUB_DMM,pooled,yes,"1314,1819,2324",LSUB_DMM,,EPA label differs and/or is blank across cycles,log mm,epa_published,,6398,0,3255,768,3267,770,0.0037,2485,770,0,,,,not documented,-2.1109,-0.7227,0.0901,1.3108,3.7526,2.1177,4351,0.0023,1472,0.3441,556,0.1559,0.3975,
phab_LWDeqVolM100,1314,no,,LWDEQVOLM100,Wood Vol (m3) per 100m channel,Not comparable across cycles,m3/100m,epa_published,,2196,0,1447,353,1480,361,0.0223,1130,317,0.2505,0,,0,not documented,0,0,2.3441,16.0608,1166.6682,,,,,,183,1.81,0.224,
phab_LWDeqVolM100,1819,yes,,LWDEQVOLM100,"Wood Vol (m3) per 100m channel (Wadeable=V2, Boatable=V1)",Not comparable across cycles,m3/100m,epa_published,,2102,0,1357,293,1363,293,0.0044,1049,308,0.2464,0,,0,not documented,0,0.0323,1.9548,11.7675,1809.6145,,,,,,189,2.6128,0.2222,
phab_LWDeqVolM100,2324,yes,,LWDEQVOLM100,,Not comparable across cycles,m3/100m,epa_published,,2099,0,1465,355,1467,356,0.0014,1100,365,0.2501,0,,0,not documented,0,0.0122,1.9036,8.5664,1667.0618,,,,,,185,1.6113,0.2216,
phab_LWDeqVolM100,pooled,yes,"1819,2324",LWDeqVolM100,,Not comparable across cycles,m3/100m,epa_published,,4201,0,2399,558,3267,770,0.2657,1824,575,0.254,0,,0,not documented,0,0,1.9036,9.695,1809.6145,1.2314,3244,0.0003,580,1.0347,374,1.9036,0.2219,
phab_PCT_FAST,1314,yes,,PCT_FAST,,EPA label differs and/or is blank across cycles,%,epa_published,,2238,0,1461,357,1480,361,0.0128,1137,324,0.3785,0,100,0,not documented,0,0,5,25,100,,,,,,190,1,0.4842,
phab_PCT_FAST,1819,yes,,PCT_FAST,Percent Fast Water Habitat,EPA label differs and/or is blank across cycles,%,epa_published,,2105,0,1360,293,1363,293,0.0022,1053,307,0.4128,0,100,0,not documented,0,0,4.9505,28,100,,,,,,189,1,0.5291,
phab_PCT_FAST,2324,yes,,PCT_FAST,Percent Fast Water Habitat,EPA label differs and/or is blank across cycles,%,epa_published,,2099,0,1465,356,1467,356,0.0014,1100,365,0.3911,0,100,0,not documented,0,0,6,32,100,,,,,,185,2,0.4486,
phab_PCT_FAST,pooled,yes,"1314,1819,2324",PCT_FAST,,EPA label differs and/or is blank across cycles,%,epa_published,,6442,0,3255,768,3267,770,0.0037,2485,770,0.3843,0,100,0,not documented,0,0,6,30,100,1.212,4364,0.0005,1496,0.2857,564,1.3333,0.4876,
phab_PCT_SAFN,1314,yes,,PCT_SAFN,,EPA label differs and/or is blank across cycles,%,epa_published,,2210,0,1456,357,1480,361,0.0162,1132,324,0.0819,0,100,0,not documented,0,16.1905,50.4762,95.7282,100,,,,,,186,2.8571,0.5538,
phab_PCT_SAFN,1819,yes,,PCT_SAFN,Bed Surface Percent Sand or smaller (<2.0mm),EPA label differs and/or is blank across cycles,%,epa_published,,2105,0,1362,293,1363,293,0.0007,1054,308,0.0679,0,100,0,not documented,0,19,54.5455,94,100,,,,,,188,2.8571,0.5213,
phab_PCT_SAFN,2324,yes,,PCT_SAFN,Bed Surface Percent Sand or smaller (<2.0mm),EPA label differs and/or is blank across cycles,%,epa_published,,2100,0,1466,356,1467,356,0.0007,1101,365,0.0733,0,100,0,not documented,0,17.6845,57.1429,96.1905,100,,,,,,185,3.8095,0.4919,
phab_PCT_SAFN,pooled,yes,"1314,1819,2324",PCT_SAFN,,EPA label differs and/or is blank across cycles,%,epa_published,,6415,0,3255,768,3267,770,0.0037,2485,770,0.076,0,100,0,not documented,0,17.1429,53.6232,94.2857,100,1.1321,4354,0.0007,1484,0.1935,559,3,0.5224,
phab_RP100_cm,1314,yes,,,,Not comparable across cycles,cm,,,0,0,0,0,1480,361,1,0,0,,0,,0,not documented,,,,,,,,,,,0,,,eligible cycle carries no values
phab_RP100_cm,1819,yes,,RP100_CM,Mean Residual Depth at thalweg (cm),Not comparable across cycles,cm,epa_published,,2069,0,1344,291,1363,293,0.0139,1043,301,0,0,,0,not documented,0.0508,11.2171,23.0581,48.3516,1096.7028,,,,,,182,4.2925,0.3681,
phab_RP100_cm,2324,yes,,RP100_CM,,Not comparable across cycles,cm,epa_published,,2059,0,1434,349,1467,356,0.0225,1082,352,0,0,,0,not documented,0.0154,10.0592,20.3119,43.1343,865.9346,,,,,,177,2.4921,0.3729,
phab_RP100_cm,pooled,yes,"1819,2324",RP100_cm,,Not comparable across cycles,cm,epa_published,,4128,0,2363,552,3267,770,0.2767,1803,560,0,0,,0,not documented,0.0154,10.5271,21.4255,44.9191,983.5677,1.1352,3194,0.0031,563,0.2633,359,3.2174,0.3705,
phab_SINU,1314,yes,,SINU,,EPA label differs and/or is blank across cycles,,epa_published,,1305,0,1116,311,1480,361,0.2459,1116,0,0,1,,0,not documented,1,1.0688,1.1669,1.3626,38.2093,,,,,,95,0.0363,0.7263,
phab_SINU,1819,yes,,SINU,Sinuosity of sample reach,EPA label differs and/or is blank across cycles,,epa_published,,1199,0,1035,264,1363,293,0.2406,1035,0,0,1,,7,not documented,0.8238,1.0612,1.1446,1.3292,11.9155,,,,,,94,0.0407,0.7979,
phab_SINU,2324,yes,,SINU,Sinuosity of sample reach.,EPA label differs and/or is blank across cycles,,epa_published,,1273,0,1094,323,1467,356,0.2543,1094,0,0,1,,0,not documented,1,1.0719,1.1659,1.3498,33.6824,,,,,,116,0.0285,0.8017,
phab_SINU,pooled,yes,"1314,1819,2324",SINU,,EPA label differs and/or is blank across cycles,,epa_published,,3777,0,2499,691,3267,770,0.2351,2499,0,0,1,,3,not documented,0.8238,1.0683,1.1616,1.3456,33.6824,1.0194,2678,0.0198,776,0.0593,305,0.0339,0.777,
phab_XBKA,1314,yes,,XBKA,,EPA label differs and/or is blank across cycles,degrees,epa_published,,1331,0,1138,316,1480,361,0.2311,1138,0,0.0008,0,180,0,not documented,0,26.8485,35.4545,45.0682,117.9545,,,,,,97,5.9545,0.3299,
phab_XBKA,1819,yes,,XBKA,Bank Angle (mean degrees),EPA label differs and/or is blank across cycles,degrees,epa_published,,1224,0,1054,270,1363,293,0.2267,1054,0,0,0,180,0,not documented,2.2727,22.9545,31.0227,40.875,113.1818,,,,,,95,4.9545,0.3895,
phab_XBKA,2324,yes,,XBKA,Bank Angle--mean (degrees),EPA label differs and/or is blank across cycles,degrees,epa_published,,1281,0,1101,325,1467,356,0.2495,1101,0,0.0039,0,180,0,not documented,0,21.25,29.0909,38.1818,180,,,,,,117,3.8636,0.3504,
phab_XBKA,pooled,yes,"1314,1819,2324",XBKA,,EPA label differs and/or is blank across cycles,degrees,epa_published,,3836,0,2523,695,3267,770,0.2277,2523,0,0.0018,0,180,0,not documented,0,23.0455,31.0909,40.4545,180,1.2187,2707,0.0188,804,0.2754,309,4.5455,0.356,
phab_XBKF_H,1314,yes,,XBKF_H,,EPA label differs and/or is blank across cycles,m,epa_published,,2238,0,1461,357,1480,361,0.0128,1137,324,0.013,0,,0,not documented,0,0.4002,0.645,1.0273,7.5455,,,,,,190,0.1723,0.2526,
phab_XBKF_H,1819,yes,,XBKF_H,Mean Bankfull Height above wetted channel (m),EPA label differs and/or is blank across cycles,m,epa_published,,2108,0,1362,293,1363,293,0.0007,1054,308,0.0228,0,,0,not documented,0,0.3195,0.5033,0.7884,4.9545,,,,,,189,0.1273,0.2434,
phab_XBKF_H,2324,yes,,XBKF_H,Mean Bankfull Height above wetted channel (m),EPA label differs and/or is blank across cycles,m,epa_published,,2098,0,1466,356,1467,356,0.0007,1101,365,0.0172,0,,0,not documented,0,0.2811,0.4636,0.747,9.7,,,,,,185,0.0882,0.2703,
phab_XBKF_H,pooled,yes,"1314,1819,2324",XBKF_H,,EPA label differs and/or is blank across cycles,m,epa_published,,6444,0,3256,768,3267,770,0.0034,2486,770,0.0181,0,,0,not documented,0,0.3182,0.5182,0.8348,9.7,1.3912,4364,0.0005,1498,0.4667,564,0.1202,0.2553,
phab_XCDENMID,1314,yes,,XCDENMID,,EPA label differs and/or is blank across cycles,%,epa_published,,1331,0,1138,316,1480,361,0.2311,1138,0,0.0841,0,100,0,not documented,0,10.6952,46.5241,82.0856,100,,,,,,97,3.0348,0.4845,
phab_XCDENMID,1819,yes,,XCDENMID,Canopy Density at mid-channel (mean percent),EPA label differs and/or is blank across cycles,%,epa_published,,1224,0,1054,270,1363,293,0.2267,1054,0,0.0711,0,100,1,not documented,0,14.3048,52.2727,82.4866,102.8075,,,,,,95,2.8075,0.6105,
phab_XCDENMID,2324,yes,,XCDENMID,Canopy Density at mid-channel (mean percent),EPA label differs and/or is blank across cycles,%,epa_published,,1280,0,1100,324,1467,356,0.2502,1100,0,0.0539,0,100,0,not documented,0,18.9505,60.361,87.3329,100,,,,,,117,3.0749,0.6068,
phab_XCDENMID,pooled,yes,"1314,1819,2324",XCDENMID,,EPA label differs and/or is blank across cycles,%,epa_published,,3835,0,2523,695,3267,770,0.2277,2523,0,0.0683,0,100,1,not documented,0,14.1711,53.4884,84.1578,102.8075,1.2974,2707,0.0192,803,0.163,309,2.9412,0.5696,
phab_XCMGW,1314,yes,,XCMGW,,EPA label differs and/or is blank across cycles,frac,epa_published,,2240,0,1462,357,1480,361,0.0122,1138,324,0.0143,0,,0,not documented,0,0.4702,0.7994,1.1183,2.4898,,,,,,190,0.1159,0.3316,
phab_XCMGW,1819,yes,,XCMGW,Sum of Woody Canopy+Mid+Ground layer areal cover proportion,EPA label differs and/or is blank across cycles,frac,epa_published,,2108,0,1362,293,1363,293,0.0007,1054,308,0.01,0,,0,not documented,0,0.4784,0.7977,1.1267,2.4432,,,,,,189,0.1545,0.3228,
phab_XCMGW,2324,yes,,XCMGW,Sum of Woody Canopy+Mid+Ground layer areal cover proportion,EPA label differs and/or is blank across cycles,frac,epa_published,,2099,0,1466,356,1467,356,0.0007,1101,365,0.0129,0,,0,not documented,0,0.504,0.8443,1.2193,2.892,,,,,,185,0.1398,0.2811,
phab_XCMGW,pooled,yes,"1314,1819,2324",XCMGW,,EPA label differs and/or is blank across cycles,frac,epa_published,,6447,0,3257,768,3267,770,0.0031,2487,770,0.0133,0,,0,not documented,0,0.4773,0.808,1.1557,2.892,1.0584,4367,0.0005,1498,0.3402,564,0.1335,0.3121,
phab_XEMBED,1314,yes,,XEMBED,,EPA label differs and/or is blank across cycles,%,epa_published,,1322,0,1131,316,1480,361,0.2358,1131,0,0,0,100,0,not documented,1.8182,45.8409,69.5909,93.0909,100,,,,,,95,4.6545,0.6316,
phab_XEMBED,1819,yes,,XEMBED,Mean streambed embeddedness (%),EPA label differs and/or is blank across cycles,%,epa_published,,1224,0,1054,270,1363,293,0.2267,1054,0,0,0,100,0,not documented,5.4,47.0682,69.4727,90.2045,100,,,,,,95,7.2727,0.4842,
phab_XEMBED,2324,yes,,XEMBED,Mean streambed embeddedness (%),EPA label differs and/or is blank across cycles,%,epa_published,,1281,0,1101,325,1467,356,0.2495,1101,0,0.0047,0,100,0,not documented,0,44,70.5091,91.5455,100,,,,,,117,5.6182,0.5299,
phab_XEMBED,pooled,yes,"1314,1819,2324",XEMBED,,EPA label differs and/or is blank across cycles,%,epa_published,,3827,0,2521,695,3267,770,0.2283,2521,0,0.0022,0,100,0,not documented,0,45.8182,69.9091,91.9091,100,1.0149,2705,0.0189,799,0.1411,307,5.4833,0.5472,
phab_XFC_NAT,1314,yes,,XFC_NAT,,EPA label differs and/or is blank across cycles,frac,epa_published,,2240,0,1462,357,1480,361,0.0122,1138,324,0.0058,0,,0,not documented,0,0.1409,0.2477,0.4187,2.275,,,,,,190,0.0795,0.2105,
phab_XFC_NAT,1819,yes,,XFC_NAT,Instream Cover Sum: non-anthropogenic cover types (areal proportion),EPA label differs and/or is blank across cycles,frac,epa_published,,2108,0,1362,293,1363,293,0.0007,1054,308,0.0028,0,,0,not documented,0,0.1455,0.2614,0.4273,2.0841,,,,,,189,0.09,0.1429,
phab_XFC_NAT,2324,yes,,XFC_NAT,Sum of non-anthropogenic fish areal cover types,EPA label differs and/or is blank across cycles,frac,epa_published,,2099,0,1466,356,1467,356,0.0007,1101,365,0.0038,0,,0,not documented,0,0.1364,0.2386,0.4182,1.7864,,,,,,185,0.0568,0.2378,
phab_XFC_NAT,pooled,yes,"1314,1819,2324",XFC_NAT,,EPA label differs and/or is blank across cycles,frac,epa_published,,6447,0,3257,768,3267,770,0.0031,2487,770,0.0037,0,,0,not documented,0,0.1409,0.2477,0.424,2.0841,1.0952,4367,0.0005,1498,0.5382,564,0.0773,0.1968,
